title,company,degree,experience,max_salary(/month),min_salary(/month),place,title,CompanyType
Java/php开发工程师,金月汇大健康产业管理有限公司,中专,无工作经验,0.6,0.45,西安,Java/php开发工程师,民营
java开发工程师,北京中软国际信息技术有限公司,本科,无工作经验,1,0.8,西安-高新技术产业开发区,java开发工程师,合资        
Java高级开发工程师,中创三优（北京）科技有限公司,本科,5-7年经验,1.3,0.8,西安-高新技术产业开发区,Java高级开发工程师,合资        
中级JAVA工程师,西安银博科技有限责任公司,本科,3-4年经验,1.3,0.8,西安,中级JAVA工程师,国企       
JAVA PL工程师职位,西安安谷运合软件技术有限公司,本科,3-4年经验,1.4,0.7,西安,JAVA PL工程师职位,民营
Java研发工程师,深圳安道云科股份有限公司,本科,1年经验,0.8,0.6,西安-雁塔区,Java研发工程师(T3. 工程师) (职位编号：T3),民营
Java开发工程师,深圳震有科技股份有限公司,本科,2年经验,1.2,0.6,西安-高新技术产业开发区,Java开发工程师,民营
高级Java开发工程师,西安冠群信息技术有限公司,大专,5-7年经验,1.5,1,西安-雁塔区,高级Java开发工程师,上市
JAVA开发工程师,西安榴莲网络科技有限公司,本科,3-4年经验,1.5,1,西安-高新技术产业开发区,JAVA开发工程师,民营
java 软件开发工程师,西安同凯电子科技有限责任公司,本科,3-4年经验,0.7,0.4,西安-高新技术产业开发区,java 软件开发工程师,民营
零基础Java助理工程师,西安腾瑞信息科技有限公司,大专,无工作经验,0.8,0.3,西安,零基础Java助理工程师(高薪双休),民营
Java开发工程师,西安极数宝数据服务有限公司,本科,3-4年经验,1,0.4,西安,Java开发工程师,民营
Java高级工程师,华正云科（北京）信息技术有限公司,本科,3-4年经验,1.2,0.8,西安-经济技术开发区,Java高级工程师,民营
实习生-Java（储备岗）-接受转行,陕西西软智能科技有限责任公司,大专,无工作经验,0.6,0.3,西安-高新技术产业开发区,实习生-Java（储备岗）-接受转行,民营
JAVA软件工程师,陕西金开贷金融服务有限公司,本科,无工作经验,1.2,0.8,西安,JAVA软件工程师,国企     
Java高级开发工程师,陕西西建大聚慧软件科技有限公司,本科,5-7年经验,1.5,0.8,西安-碑林区,Java高级开发工程师,民营
Java中级软件工程师,西安途悦信息技术有限公司,本科,5-7年经验,0.9,0.7,西安-雁塔区,Java中级软件工程师,民营
JAVA项目经理,上海汇纳信息科技股份有限公司,本科,5-7年经验,1.5,1,西安,JAVA项目经理,上市
Java开发工程师,上海阅维信息科技有限公司,本科,3-4年经验,1.6,0.8,西安,Java开发工程师,民营
Java高级开发工程师,上海拓取网络信息服务有限公司,本科,5-7年经验,1.6,1.2,西安,Java高级开发工程师,民营
java高级软件工程师,西安驭思软件科技有限公司,本科,3-4年经验,0.8,0.6,西安,java高级软件工程师,民营
互联网软件开发带薪实习生,北京电商世纪科技有限公司,大专,无工作经验,0.6,0.45,西安,互联网软件开发带薪实习生（Java方向）,民营
java软件开发,西安亿才软件服务外包有限公司,大专,无工作经验,0.8,0.35,西安,java软件开发(理工类可无经验),民营
JAVA开发工程师 ,西安触角电子科技有限公司,大专,2年经验,0.6,0.45,西安-未央区,JAVA开发工程师 (职位编号：002),民营
java高级开发工程师,西安复观网络科技有限公司,大专,3-4年经验,1,0.6,西安,java高级开发工程师,上市
JAVA高级开发工程师,北京思诺博信息技术股份有限公司,本科,3-4年经验,1,0.8,西安,JAVA高级开发工程师,合资       
Java软件工程师,华软汇智（北京）国际软件技术研究院陕西分院,中专,无工作经验,0.8,0.6,西安,Java软件工程师,民营
JAVA工程师,西安数之元网络科技有限公司,本科,3-4年经验,0.7,0.4,西安-高新技术产业开发区,JAVA工程师,民营
高级Java软件工程师,北京北信源软件股份有限公司西安分公司,大专,5-7年经验,1.5,1,西安-雁塔区,高级Java软件工程师,民营
JAVA开发工程师(001258),东方网力科技股份有限公司,本科,5-7年经验,1.5,1,西安-雁塔区,JAVA开发工程师(001258) (职位编号：netposa001258),上市
java软件测试全职实习生,北京信都桥景科技有限公司,本科,无工作经验,0.3,0.2,西安-高新技术产业开发区,java软件测试全职实习生,民营
高级Java工程师,陕西万尚星软件科技有限公司,大专,无工作经验,1.5,1,西安-碑林区,高级Java工程师,民营
Java开发工程师,西安海博软件服务有限公司,本科,无工作经验,1.2,0.8,西安,Java开发工程师,外资（欧美）      
JAVA高级开发工程师,西安酷聊智能科技有限公司,本科,3-4年经验,1.5,0.9,西安-高新技术产业开发区,JAVA高级开发工程师,民营
诚聘java技术员,西安杰普林网络科技有限公司,大专,无工作经验,0.45,0.3,西安-雁塔区,诚聘java技术员,民营
java开发工程师,上海青乾科技有限公司,本科,2年经验,0.6,0.45,西安-雁塔区,java开发工程师,民营
Java开发工程师,西安宫氏云社网络科技有限公司,中专,3-4年经验,0.8,0.4,西安-高新技术产业开发区,Java开发工程师,民营
Java 架构师,西安开垦信息科技有限公司,大专,5-7年经验,2.6,1.5,西安-高新技术产业开发区,Java 架构师,民营
高级JAVA Web开发工程师,西安恒坐标教育科技集团有限公司,本科,3-4年经验,1.5,1,西安-雁塔区,高级JAVA Web开发工程师,民营
Java  Web开发工程师,西安轩承网络科技有限公司,本科,2年经验,1.2,0.6,西安-高新技术产业开发区,Java  Web开发工程师,民营
Java讲师(双休/带薪寒假/交五险),陕西厚溥教育科技有限公司,本科,2年经验,1,0.6,咸阳,Java讲师(双休/带薪寒假/交五险),民营
java高级开发工程师,西安众擎电子科技有限公司,本科,5-7年经验,1.5,1,西安,java高级开发工程师,民营
JAVA软件工程师,西安灵秀机电智能系统技术有限公司,本科,无工作经验,0.8,0.4,西安,JAVA软件工程师,民营
java中高级软件工程师,北京慧点科技有限公司,本科,5-7年经验,1.5,1,西安,java中高级软件工程师,国企   
JAVA开发工程师,西安环太科技发展有限公司,中专,无工作经验,0.6,0.45,西安-高新技术产业开发区,JAVA开发工程师,民营
Java高级开发工程师,西安图迹信息科技有限公司,本科,5-7年经验,1.5,0.8,西安-高新技术产业开发区,Java高级开发工程师,民营
Java开发工程师（西安）,深圳市蓝凌软件股份有限公司,大专,3-4年经验,1,0.8,西安,Java开发工程师（西安）,上市
中级Java开发工程师 (职位编号：XAHZ2015001),西安汇正信息科技有限公司,大专,3-4年经验,0.8,0.6,西安-高新技术产业开发区,中级Java开发工程师 (职位编号：XAHZ2015001),民营
Java开发工程师,海南尚品易购电子商务有限公司,中专,无工作经验,0.8,0.6,西安,Java开发工程师,民营
Java开发工程师,海南尚品易购电子商务有限公司,中专,无工作经验,0.8,0.6,西安,Java开发工程师,民营
Java讲师（年薪15-20万）双休,西安雁塔兆隆计算机培训中心,本科,1年经验,2,1.5,西安,Java讲师（年薪15-20万）双休,民营
java开发（西安）,上海易宝软件有限公司杭州分公司,本科,无工作经验,1,0.8,西安,java开发（西安）,上市
Java开发实习生,西安尚观锦程网络科技有限公司,中专,无工作经验,0.45,0.3,西安-高新技术产业开发区,Java开发实习生,民营
JAVA讲师,华育国际教育集团西安分公司,大专,无工作经验,2,1.5,西安,JAVA讲师,民营
大数据JAVA开发工程师,通联商务服务有限公司,本科,3-4年经验,1.5,1,西安-新城区,大数据JAVA开发工程师,民营
Java软件开发工程师,西安融科通信技术有限公司,本科,2年经验,0.8,0.6,西安,Java软件开发工程师,民营
高级java开发工程师 (职位编号：219368498013108),文思海辉技术有限公司Pactera Technology International Limited,本科,5-7年经验,1.5,1,西安,高级java开发工程师 (职位编号：219368498013108),外资（欧美）       
软件研发经理（JAVA）,西安银创多媒体有限责任公司,本科,5-7年经验,1.5,1,西安,软件研发经理（JAVA）,民营
急聘初级java开发工程师,西安泰晟信息科技有限公司,大专,2年经验,0.9,0.6,兰州,急聘初级java开发工程师,民营
JAVA开发（中级）,西安美齐电子商务有限公司,大专,3-4年经验,1.3,0.6,西安-经济技术开发区,JAVA开发（中级）,民营
java开发工程师（手游服务器端）,西安西品网络科技有限公司,大专,2年经验,0.8,0.6,西安-经济技术开发区,java开发工程师（手游服务器端）,民营
Java开发工程师,陕西德通信息科技有限公司,本科,1年经验,0.45,0.3,西安-高新技术产业开发区,Java开发工程师,民营
JAVA-WEB高级软件工程师,西安易用视点软件科技有限公司,中专,3-4年经验,1,0.8,西安,JAVA-WEB高级软件工程师,民营
Java讲师（年薪15-20万）,西安智荟信息技术有限公司,中专,无工作经验,2,1.5,西安-高新技术产业开发区,Java讲师（年薪15-20万）,民营
Java讲师/助教,西安达内软件科技有限公司和平门分公司,大专,3-4年经验,0.8,0.6,西安-碑林区,Java讲师/助教,民营
Java高级开发工程师,浙江网新恩普软件有限公司,中专,无工作经验,1,0.8,西安,Java高级开发工程师,民营
java/Androidl/c++/.net园区定岗生,西安哈伦网络科技有限公司,中专,无工作经验,0.6,0.45,西安,java/Androidl/c++/.net园区定岗生,民营
Java大数据开发/初级工程师程序员/实习生,中高软信息技术（北京）有限公司,大专,1年经验,0.8,0.6,北京-海淀区,Java大数据开发/初级工程师程序员/实习生,创业
Java高级开发工程师,西安圆创计算机信息技术有限责任公司,中专,无工作经验,1.2,0.6,西安,Java高级开发工程师,民营
JAVA工程师,广东华大互联网股份有限公司,大专,无工作经验,0.45,0.35,西安,JAVA工程师,民营
java开发工程师（西安）,北京摩卡软件有限公司,大专,2年经验,1,0.8,西安,java开发工程师（西安）,外资（非欧美）        
Java工程师,陕西医药控股集团派昂医疗器械有限公司,大专,3-4年经验,0.6,0.45,西安,Java工程师,国企       
初级Java软件开发工程师实习生（应届生优先）,西安乔木网络科技有限公司,中专,无工作经验,1,0.8,西安,初级Java软件开发工程师实习生（应届生优先）,民营
java项目经理,陕西百事通企业投资（集团）有限公司,本科,无工作经验,1.6,1,西安-高新技术产业开发区,java项目经理,民营
Java /Web开发工程师,西安荣天信息技术有限公司,中专,3-4年经验,1,0.8,西安-高新技术产业开发区,Java /Web开发工程师,民营
Java高级开发工程师,河北中科恒运软件科技股份有限公司西安分公司,中专,5-7年经验,1.5,1,西安-高新技术产业开发区,Java高级开发工程师,民营
Java开发3年以上经验,西安安托电脑网络系统集成有限公司,本科,3-4年经验,0.8,0.6,西安,Java开发3年以上经验,民营
Java软件开发工程师/程序员/实习生（包住）,中高软信息技术（北京）有限公司,大专,无工作经验,0.8,0.45,西安-雁塔区,Java软件开发工程师/程序员/实习生（包住）,民营
直扩招Java实习生+储备人才+双休+五险一金,中软卓越科技集团,大专,无工作经验,0.4,0.3,陕西省,直扩招Java实习生+储备人才+双休+五险一金,上市
Java软件开发实习生-直招,陕西联云数据技术服务有限公司,大专,无工作经验,0.6,0.4,西安,Java软件开发实习生-直招,民营
Java高级软件工程师,大唐移动通信设备有限公司西安分公司,本科,3-4年经验,1,0.8,西安,Java高级软件工程师,国企      
Java工程师,西安恒歌数码科技有限责任公司,本科,3-4年经验,1.2,0.7,西安,Java工程师,民营
高级java软件工程师,陕西万盛达信息科技有限公司,中专,3-4年经验,1.5,0.8,西安-碑林区,高级java软件工程师,民营
Java高级开发工程师,西安华众电子科技股份有限公司,中专,无工作经验,2.5,2,西安,Java高级开发工程师,上市
java开发工程师,浙江盘石信息技术股份有限公司,大专,3-4年经验,1,0.8,西安-高新技术产业开发区,java开发工程师,上市
Java/Web/UI储备工程师,西安长公信息科技有限公司,大专,无工作经验,0.45,0.3,西安,Java/Web/UI储备工程师,上市
JAVA开发工程师,陕西中海华晟信息技术有限公司,中专,无工作经验,1.2,0.6,西安,JAVA开发工程师,民营
Java软件工程师,税友软件集团股份有限公司,大专,无工作经验,1,0.6,西安-雁塔区,Java软件工程师,民营
高级Java开发-西安-00233,卫宁健康科技集团股份有限公司,本科,无工作经验,1.5,1,西安-高新技术产业开发区,高级Java开发-西安-00233,上市
资深JAVA开发培训教师,安艾艾迪信息技术（上海）有限公司,本科,无工作经验,1.5,1,上海-长宁区,资深JAVA开发培训教师,外资（非欧美）       
大数据方向JAVA开发助理(双休）,北京优伯立信科技发展有限公司,大专,无工作经验,0.6,0.45,西安,大数据方向JAVA开发助理(双休）,民营
Java高级开发工程师,天维尔信息科技股份有限公司,本科,5-7年经验,1.5,0.8,西安,Java高级开发工程师,民营
高级Java开发工程师（西安）(000800) (职位编号：nationsky000800),启迪国信科技有限公司,中专,无工作经验,2,1.5,西安-雁塔区,高级Java开发工程师（西安）(000800) (职位编号：nationsky000800),国企       
对日java开发工程师,阿富络希信息科技（济南）有限公司,大专,无工作经验,5,1,国外,对日java开发工程师,外资（非欧美）       
浏览器软件开发（Java/C）实习生/应届生 项目奖+提成,重庆卓睿信息技术有限公司,大专,无工作经验,0.6,0.45,陕西省,浏览器软件开发（Java/C）实习生/应届生 项目奖+提成,上市
Java工程师,陕西智购网络科技有限公司,大专,无工作经验,0.6,0.4,西安-雁塔区,Java工程师,民营
Java开发+双休+五险一金+应届生,西安龙卷风企业管理咨询有限公司,大专,无工作经验,0.6,0.4,西安,Java开发+双休+五险一金+应届生,上市
高级Java/J2EE软件工程师 - 高薪诚聘 (职位编号：01),北京易捷宏图软件开发有限公司西安分公司,本科,5-7年经验,1.3,1,西安,高级Java/J2EE软件工程师 - 高薪诚聘 (职位编号：01),合资        
项目经理-Java方向,西安润和软件信息技术有限公司,本科,5-7年经验,1.8,1.4,西安,项目经理-Java方向,民营
JAVA开发工程师,上海班凯信息技术服务有限公司,大专,3-4年经验,1,0.8,西安-高新技术产业开发区,JAVA开发工程师,合资       
JAVA实训讲师,中软国际西安ETC,中专,1年经验,1.5,0.8,西安,JAVA实训讲师,上市
java高级软件工程师,江苏银丰信息技术有限公司,本科,3-4年经验,1.5,1,西安,java高级软件工程师,民营
Java中级开发工程师,西安哞哞信息科技有限公司,大专,3-4年经验,1,0.8,西安-碑林区,Java中级开发工程师,民营
JAVA程序员,西安雷迪信息技术有限公司,本科,1年经验,0.7,0.5,西安,JAVA程序员,民营
JAVA软件开发工程师,西北铁道电子股份有限公司,本科,3-4年经验,1,0.8,西安-高新技术产业开发区,JAVA软件开发工程师,民营
Java开发工程师,上海科匠信息科技有限公司,大专,3-4年经验,0.8,0.6,西安-高新技术产业开发区,Java开发工程师,上市
高级软件工程师（Java）,西安银信博锐信息科技有限公司,本科,3-4年经验,0.8,0.6,西安,高级软件工程师（Java）,民营
JAVA、C++软件开发&实施工程师（陕西易联众）,易联众信息技术股份有限公司,大专,1年经验,0.6,0.4,西安-碑林区,JAVA、C++软件开发&实施工程师（陕西易联众）,民营
JAVA/.NET 高级软件工程师,西安利华慧康信息技术有限公司,中专,无工作经验,1,0.8,西安-高新技术产业开发区,JAVA/.NET 高级软件工程师,民营
java初级工程师,西安快彩网络科技有限公司,本科,2年经验,0.6,0.45,西安,java初级工程师,民营
Java高级开发工程师,浙江天尔软件技术有限公司,大专,3-4年经验,1,0.6,西安-雁塔区,Java高级开发工程师,民营
Java开发工程师,中铁信息工程集团有限公司西安分公司,本科,3-4年经验,0.8,0.6,西安-高新技术产业开发区,Java开发工程师,国企       
Java高级工程师,陕西云思服科技有限责任公司,本科,3-4年经验,1.5,0.8,西安-高新技术产业开发区,Java高级工程师,民营
Java高级开发工程师-***,西安勤人信息科技有限公司,大专,无工作经验,1.5,1,西安,Java高级开发工程师-***,民营
java高级开发工程师,跨境云（北京）网络科技有限公司,中专,无工作经验,1.5,1,西安-高新技术产业开发区,java高级开发工程师,民营
软件工程师助理（JAVA）,天职工程咨询股份有限公司,中专,无工作经验,,,西安,软件工程师助理（JAVA）,民营
java软件工程师（五险一金+周末双休）,西安峰华信息工程有限公司,大专,1年经验,1,0.8,西安,java软件工程师（五险一金+周末双休）,上市
JAVA软件工程师,德商时代网络信息发展有限责任公司,中专,2年经验,9千/月,6,西安,JAVA软件工程师,民营
Java资深开发工程师-带头大哥,西安旭辉计算机软件开发有限责任公司,大专,5-7年经验,1.5,1,西安,Java资深开发工程师-带头大哥,民营
JAVA高级软件工程师,西安海数多媒体技术有限公司,本科,3-4年经验,8千/月,5,西安,JAVA高级软件工程师,民营
java软件工程师,陕西水帘网络科技有限公司,中专,2年经验,6千/月,4,西安,java软件工程师,民营
Java开发工程师,陕西博西网络数据有限公司,大专,3-4年经验,1,0.5,西安,Java开发工程师,民营
招聘JAVA工程师,西安哈伦网络科技有限公司,大专,1年经验,2.5,1,西安,招聘JAVA工程师,民营
Java高级开发工程师,西安天文双子软件科技有限公司,本科,无工作经验,1.2,0.6,西安,Java高级开发工程师,民营
JAVA开发工程师,深圳信用宝金融服务有限公司,中专,无工作经验,6千/月,4.5,西安,JAVA开发工程师,民营
java（界面）开发工程师,西安交大捷普网络科技有限公司,本科,2年经验,1.5,1,西安-高新技术产业开发区,java（界面）开发工程师,民营
Java软件工程师/可实习/学徒 西安+带薪实习/双休,西安博创文思信息技术有限公司,大专,无工作经验,6千/月,4,西安,Java软件工程师/可实习/学徒 西安+带薪实习/双休,民营
Java开发工程师（普元EOS开发）,陕西万德信息科技股份有限公司,大专,2年经验,6千/月,4,西安,Java开发工程师（普元EOS开发）,民营
Java高级开发工程师,深圳全丰智控科技有限公司,本科,3-4年经验,1,0.8,西安-雁塔区,Java高级开发工程师,民营
Java高级开发工程师,西安白杨电子信息技术有限公司,本科,3-4年经验,1.5,1,西安-雁塔区,Java高级开发工程师,民营
Java项目经理,北京神州安信科技股份有限公司西安分公司,本科,5-7年经验,1.5,1,西安-高新技术产业开发区,Java项目经理,民营
java软件开发储备人员,西安网星软件咨询服务有限公司,中专,无工作经验,5千/月,3,西安-雁塔区,java软件开发储备人员,民营
Java项目经理,江苏摩尔信息技术有限公司,大专,3-4年经验,1.5,1,西安-碑林区,Java项目经理,民营
java讲师,西安海豚智能科技有限公司,本科,无工作经验,1.5,0.8,西安-碑林区,java讲师,民营
JAVA（外派上海、南京工作一年）,西安聚合软件有限公司,大专,无工作经验,6千/月,4.5,西安-高新技术产业开发区,JAVA（外派上海、南京工作一年）,民营
JAVA开发工程师,西安圣祺网络科技有限公司,大专,1年经验,1,0.7,西安-高新技术产业开发区,JAVA开发工程师,民营
JAVA开发（咸阳）,四川长虹电子控股集团有限公司,本科,无工作经验,,,咸阳,JAVA开发（咸阳）,国企        
Java中级开发工程师,北京当当网信息技术有限公司,中专,3-4年经验,1.7,1.2,西安-雁塔区,Java中级开发工程师,外资（非欧美）       
Java中级开发工程师,乾元大通科技集团有限公司,大专,3-4年经验,1.2,0.7,乌鲁木齐,Java中级开发工程师,民营
Java讲师+高薪+双休+五险一金,蓝鸥科技有限公司西安分公司,大专,5-7年经验,1.5,1,西安-高新技术产业开发区,Java讲师+高薪+双休+五险一金,民营
Java高级开发工程师,西安经茂信息科技有限公司,本科,3-4年经验,1.5,1,西安,Java高级开发工程师,外资（非欧美）       
JAVA WEB 开发工程师,西安创龙数字文化传播有限公司,本科,无工作经验,1,0.8,西安,JAVA WEB 开发工程师,民营
Java中高级开发工程师,北京恒华伟业科技股份有限公司,大专,3-4年经验,1.5,0.6,西安,Java中高级开发工程师,上市
JAVA软件工程师,西安悦泰科技有限责任公司,本科,3-4年经验,8千/月,5,西安,JAVA软件工程师,国企      
Java/J2EE工程师,蓬天信息系统（北京）有限公司,本科,3-4年经验,6千/月,4.5,西安-雁塔区,Java/J2EE工程师,外资（非欧美）       
Associate MES Solution Engineer /JAVA Software Engineer - Xi‘an,罗克韦尔自动化(中国)有限公司,本科,无工作经验,,,西安,Associate MES Solution Engineer /JAVA Software Engineer - Xi‘an,外资（欧美）            
开发工程师（JAVA方向）（工作地点：绵阳）,四川快益点电器服务连锁有限公司,本科,无工作经验,4.5千/月,3,西安,开发工程师（JAVA方向）（工作地点：绵阳）,国企        
java开发工程师,西安摩西软件科技有限公司,大专,3-4年经验,7千/月,5,西安,java开发工程师,民营
PHP、JAVA实习生,西安兰山国际旅行社有限公司,中专,无工作经验,,100元/天,西安,PHP、JAVA实习生,民营
Java开发工程师（西安）,北京超图软件股份有限公司,本科,无工作经验,,,西安,Java开发工程师（西安）,非营利机构        
Android开发工程师,陕西预购宝网络科技有限公司,本科,3-4年经验,8千/月,6,西安,Android开发工程师,民营
急聘程序员,陕西泰乐网络科技有限公司,中专,1年经验,5千/月,3,西安,急聘程序员,民营
游戏服务器研发工程师,陕西至尊网络科技有限公司,大专,5-7年经验,1.5,0.8,西安-高新技术产业开发区,游戏服务器研发工程师,民营
日语PM(000920) (职位编号：ThunderSoft000920),中科创达软件股份有限公司,中专,5-7年经验,1.5,1,西安-高新技术产业开发区,日语PM(000920) (职位编号：ThunderSoft000920),上市
IT研发实习生,西域科技（中国）有限公司,大专,无工作经验,1.5,1,上海-浦东新区,IT研发实习生,合资     
高级软件工程师,西安获德图像技术有限公司,中专,1年经验,8千/月,6,西安-碑林区,高级软件工程师,民营
上位机软件研发高级工程师,西安欣创电子技术有限公司,本科,无工作经验,1.2,0.8,西安-高新技术产业开发区,上位机软件研发高级工程师,民营
软件开发工程师,联咏电子科技（西安）有限公司,硕士,无工作经验,1,0.8,西安-高新技术产业开发区,软件开发工程师,外资（非欧美）     
无线通信技术支持及维护,西安纳维通信技术有限公司,大专,无工作经验,5千/月,3,西安-雁塔区,无线通信技术支持及维护,创业
前端开发工程师,广州思迈特软件有限公司,本科,2年经验,1,0.5,西安-莲湖区,前端开发工程师,民营
游戏服务器开发工程师（高级）,西安豆丫网络科技有限公司,本科,5-7年经验,1.5,1,西安-雁塔区,游戏服务器开发工程师（高级）,民营
网络技术工程师 (职位编号：05),陕西朗宇养老服务有限公司,大专,2年经验,4.5千/月,3,西安-曲江文化新区,网络技术工程师 (职位编号：05),民营
Android开发工程师,陕西汉唐医疗软件科技有限公司,本科,3-4年经验,4.5千/月,3,宝鸡,Android开发工程师,民营
高级软件工程师（app开发组）,陕西信隆科技有限公司,中专,3-4年经验,20,15,西安-高新技术产业开发区,高级软件工程师（app开发组）,民营
自动化软件测试工程师,深圳市广和通无线股份有限公司,本科,无工作经验,1,0.5,西安-高新技术产业开发区,自动化软件测试工程师,民营
C++、C#开发工程师,苏州思源科安信息技术有限公司,大专,无工作经验,1,0.8,西安-高新技术产业开发区,C++、C#开发工程师,民营
MAX、MAYA开发工程师,陕西卓越兄弟科工贸有限公司,大专,无工作经验,1,0.6,西安,MAX、MAYA开发工程师,民营
软件开发岗-陕西分公司-西安(001713) (职位编号：cmos001713),中移在线服务有限公司,本科,2年经验,1,0.8,西安,软件开发岗-陕西分公司-西安(001713) (职位编号：cmos001713),国企       
软件工程师,华润雪花啤酒（中国）有限公司西安销售分公司,本科,2年经验,4.5千/月,3,西安,软件工程师,外资（非欧美）      
性能监测运维工程师（五险一金 周末双休）,苏州卓能通信科技有限公司,本科,2年经验,6千/月,4,西安,性能监测运维工程师（五险一金 周末双休）,民营
全栈工程师,西安谷博电子智能科技有限公司,本科,1年经验,6千/月,4.5,西安,全栈工程师,民营
windchill实施顾问,北京思威泰克科技有限责任公司,大专,1年经验,1.5,1,西安,windchill实施顾问,民营
外企助理文职岗双休+五险,北京才秀人人科技有限公司,大专,无工作经验,6千/月,4.5,西安,外企助理文职岗双休+五险,上市
底薪4K诚聘网页设计美工/实习生/双休,恒耀商贸,大专,无工作经验,8千/月,6,西安-莲湖区,底薪4K诚聘网页设计美工/实习生/双休,民营
手机软件工程师,陕西光辉电子科技有限公司,本科,无工作经验,1.5,0.5,西安,手机软件工程师,创业
网络安全研究员（人工智能方向）,兴唐通信科技有限公司,中专,无工作经验,2,1,北京-海淀区,网络安全研究员（人工智能方向）,国企          
web开发工程师,上海数果科技有限公司,本科,无工作经验,1.5,0.8,西安,web开发工程师,外资（非欧美）      
Android软件（高级）工程师,西安天睿软件有限公司,本科,无工作经验,8千/月,6,西安,Android软件（高级）工程师,民营
Net 实习生,北京盛安德科技发展有限公司西安第一分公司,大专,无工作经验,5千/月,2,西安,Net 实习生,民营
软件测试工程师（高级）,陕西土豆数据科技有限公司,本科,无工作经验,1.6,0.8,西安,软件测试工程师（高级）,民营
非标自动化工程师,西安维思自动化工程有限公司,本科,3-4年经验,6.5千/月,3.5,西安,非标自动化工程师,民营
软件研发工程师,宁波麦博韦尔移动电话有限公司,本科,无工作经验,8千/月,6,宁波,软件研发工程师,外资（非欧美）       
iOS软件工程师,力新国际（西安）科技有限公司,大专,无工作经验,9.9千/月,4,西安,iOS软件工程师,外资（非欧美）       
Android程序员 (职位编号：0005),北京十安赛恩科技有限公司,大专,2年经验,1.5,0.8,西安-高新技术产业开发区,Android程序员 (职位编号：0005),合资        
IT主管,西安科大高新培训学校,本科,2年经验,1.2,0.6,西安-长安区,IT主管,民营
产品研发经理(7-11K)双休五险一金,西安雁塔兆隆计算机培训中心,本科,3-4年经验,1.1,0.7,西安,产品研发经理(7-11K)双休五险一金,民营
仓库管员/库管员//,西安亚鹏机械设备有限公司,高中,无工作经验,8千/月,6,西安,仓库管员/库管员//,民营
软件开发工程师,比亚迪汽车金融有限公司,本科,2年经验,8千/月,6,西安-高新技术产业开发区,软件开发工程师,合资      
系统集成工程师,西安斯特大禹水务有限公司,本科,3-4年经验,6千/月,4.5,西安,系统集成工程师,民营
起薪5K 仓管员-IT实训生 双休+五险一金,陕西建科建筑基础工程有限公司,中专,无工作经验,4.5千/月,3,西安-碑林区,起薪5K 仓管员-IT实训生 双休+五险一金,民营
CAE工程师（二次开发方向）,北京怡格明思工程技术有限公司,硕士,1年经验,1,0.5,西安-雁塔区,CAE工程师（二次开发方向）,民营
GIS软件开发工程师,西安山脉科技发展有限公司,本科,5-7年经验,1.5,1,西安,GIS软件开发工程师,民营
初级运维工程师,西安贝加尔网络科技有限公司,本科,3-4年经验,8千/月,6,西安-高新技术产业开发区,初级运维工程师,民营
网络美工（工作地址：曲江）,西安聚航网络科技有限公司,大专,1年经验,4.5千/月,3,西安,网络美工（工作地址：曲江）,民营
Android开发工程师,宁波普天通信技术有限公司,中专,2年经验,1,0.6,西安,Android开发工程师,民营
软件工程师（Android客户端）,西安西电捷通无线网络通信股份有限公司,本科,2年经验,1.2,0.6,西安,软件工程师（Android客户端）,民营
软件工程师,东岭集团,本科,无工作经验,8千/月,5,宝鸡,软件工程师,民营
软件系统主管,陕西唐荣园艺产业发展股份有限公司,本科,无工作经验,1,0.8,西安-高新技术产业开发区,软件系统主管,上市
开发工程师,北京富基融通科技有限公司,大专,3-4年经验,7千/月,5,西安,开发工程师,上市
手机APP开发程序员,深圳市艾达亮科技有限公司,中专,2年经验,1,0.5,西安-高新技术产业开发区,手机APP开发程序员,民营
软件项目经理SPM（西安）,西安易朴通讯技术有限公司,本科,无工作经验,1.5,1,西安-雁塔区,软件项目经理SPM（西安）,民营
初中级大数据开发工程师,美林数据技术股份有限公司,本科,无工作经验,1,0.5,西安,初中级大数据开发工程师,民营
swing开发工程师,西安天文点网络科技有限公司,大专,无工作经验,4.5千/月,3,西安,swing开发工程师,民营
运维工程师,陕西亿杰鑫信息技术有限公司,大专,1年经验,6千/月,4.5,西安-高新技术产业开发区,运维工程师,民营
(SLN)MES工程师(269682) (职位编号：269682),西门子(中国)有限公司 SLC (HR),本科,5-7年经验,,,西安,(SLN)MES工程师(269682) (职位编号：269682),"外资（欧美）            ??|??专业服务(咨询、人力资源、财会),仪器仪表/工业自动化    "
技术经理（西安）,上海透云物联网科技有限公司,中专,无工作经验,3,2,西安,技术经理（西安）,外资（非欧美）        ??|??150-500人            ??|??互联网/电子商务    
物理类（西安）,索尼电子（无锡）有限公司,本科,无工作经验,,,西安,物理类（西安）,外资（非欧美）        
QA Engineer,维塔士电脑软件（西安）有限公司,本科,3-4年经验,8千/月,5,西安,QA Engineer,"外资（欧美）        ??|??1000-5000人            ??|??计算机软件,网络游戏    "
软件开发工程师,北京宝亮网智电子信息技术有限公司,本科,无工作经验,9千/月,4.5,西安-雁塔区,软件开发工程师,民营
开发工程师,百视通网络电视技术发展有限责任公司,本科,3-4年经验,1.5,1,西安,开发工程师,"国企        ??|??500-1000人            ??|??互联网/电子商务,影视/媒体/艺术/文化传播    "
MPP数据库（Vertica）实施运维工程师,广州元曜软件有限公司,本科,2年经验,1,0.8,西安-雁塔区,MPP数据库（Vertica）实施运维工程师,民营
高薪诚聘Android开发工程师,陕西星海信息工程有限责任公司,大专,2年经验,8千/月,6,西安-雁塔区,高薪诚聘Android开发工程师,合资        ??|??50-150人            ??|??网络游戏    
CIE集成工程师,奇酷互联网络科技（深圳）有限公司,本科,无工作经验,1.7,1.1,西安-高新技术产业开发区,CIE集成工程师,"合资        ??|??500-1000人            ??|??通信/电信/网络设备,互联网/电子商务    "
TMS技术顾问,上海富勒信息科技有限公司,本科,无工作经验,8千/月,4,西安-未央区,TMS技术顾问,民营
风控系统开发维护岗,陕西长银消费金融有限公司,本科,2年经验,,,西安,风控系统开发维护岗,国企        ??|??50-150人            ??|??金融/投资/证券    
APP软件开发,陕西基泰投资集团有限公司,本科,2年经验,1.5,1,西安-碑林区,APP软件开发,民营
控制系统工程师,横河电机（中国）有限公司,本科,3-4年经验,8千/月,3,西安-高新技术产业开发区,控制系统工程师,外资（非欧美）        ??|??500-1000人            ??|??仪器仪表/工业自动化    
对日软件开发工程师（东京）,杭州东忠科技股份有限公司,大专,3-4年经验,30,20,国外,对日软件开发工程师（东京）,"外资（非欧美）        ??|??1000-5000人            ??|??计算机软件,多元化业务集团"
PHP工程师,西安创典全程地产顾问股份有限公司,大专,2年经验,1,0.6,西安,PHP工程师,上市
高级软件工程师,北京安控科技股份有限公司,中专,无工作经验,1.5,1,西安,高级软件工程师,上市
软件开发/数据分析人员,陕西建工金牛集团股份有限公司,中专,3-4年经验,4.5千/月,3,西安-灞桥区,软件开发/数据分析人员,国企        ??|??150-500人            ??|??多元化业务集团
应届毕业生/管培生,万帮新能源投资集团有限公司,本科,无工作经验,1,0.3,常州,应届毕业生/管培生,民营
软件工程师,北京交大思诺科技股份有限公司,中专,无工作经验,,,西安,软件工程师,上市
项目经理（日本）全国招聘,成都爱我特物联网技术有限公司,大专,3-4年经验,2.5,2,国外,项目经理（日本）全国招聘,合资        ??|??少于50人            ??|??计算机软件    
中高级测试工程师,西安诺瓦电子科技有限公司,中专,2年经验,1.1,0.6,西安,中高级测试工程师,民营
c++软件工程师,杭州鸿泉数字设备有限公司,中专,无工作经验,1.2,0.8,西安,c++软件工程师,民营
Android开发工程师,北京神州商通网络科技有限公司,中专,1年经验,6千/月,4.5,西安-长安区,Android开发工程师,民营
软件工程师(日本) (职位编号：JP_003_ALL),大连金顶科技有限公司,本科,1年经验,2.5,1.2,国外,软件工程师(日本) (职位编号：JP_003_ALL),"合资        ??|??50-150人            ??|??计算机软件,计算机服务(系统、数据服务、维修)    "
6000?O旗舰店聘网络客服,西安紫藤装饰设计工程有限公司,大专,无工作经验,6千/月,4.5,西安,6000?O旗舰店聘网络客服,民营
Android开发工程师,深圳宝嘉电子设备有限公司,大专,2年经验,6千/月,4.5,西安-高新技术产业开发区,Android开发工程师,"合资        ??|??50-150人            ??|??计算机服务(系统、数据服务、维修),计算机软件    "
项目主管,海航科技集团有限公司,本科,3-4年经验,1.5,0.8,西安-高新技术产业开发区,项目主管,上市
对日软件工程师（长期） (职位编号：2015001),西安民盛计算机技术有限公司,大专,2年经验,3,2.5,西安,对日软件工程师（长期） (职位编号：2015001),民营
实施经理,上海梦创双杨数据科技股份有限公司,大专,无工作经验,5.9千/月,3.7,西安,实施经理,民营
日本软件编程技术人员,四川亘古教育投资有限公司,大专,无工作经验,1.5,1,国外,日本软件编程技术人员,民营
手机应用开发工程师,陕西立邦软件有限公司,大专,无工作经验,6千/月,4.5,宝鸡,手机应用开发工程师,民营
软件开发工程师,汕头市超声检测科技有限公司,中专,无工作经验,8千/月,5,西安-莲湖区,软件开发工程师,"国企        ??|??500-1000人            ??|??医疗设备/器械,电子技术/半导体/集成电路    "
framework 开发工程师,深圳市广和通无线股份有限公司,中专,无工作经验,,,西安,framework 开发工程师,上市
实习生,西安政通信息技术有限公司,中专,无工作经验,5千/月,2.5,西安-高新技术产业开发区,实习生,民营
日本介护养老护理汽车配件建筑工食品厂社员-初高中起,深圳早稻田鹏翔信息咨询管理有限公司,中专,无工作经验,2,1.5,国外,日本介护养老护理汽车配件建筑工食品厂社员-初高中起,民营
软件开发项目经理,西安瑞思凯微电子科技有限公司,大专,10年以上经验,2,1.5,西安,软件开发项目经理,民营
产品运营专员/储备干部,陕西恒大信息技术有限公司,大专,无工作经验,4.5千/月,3,西安-雁塔区,产品运营专员/储备干部,民营
高级测试工程师,威发（西安）软件有限公司,大专,5-7年经验,1,0.8,西安-高新技术产业开发区,高级测试工程师,外资（非欧美）        ??|??150-500人            ??|??计算机软件    
软件工程师,陕西同锐企业集团,大专,2年经验,1,0.8,西安,软件工程师,民营
嵌入式软件工程师,西安龙德科技发展有限公司,本科,3-4年经验,6千/月,4.5,西安-高新技术产业开发区,嵌入式软件工程师,民营
驴妈妈2018校园招聘开发工程师（西安）,驴妈妈旅游网,中专,无工作经验,1.6,0.8,上海-普陀区,驴妈妈2018校园招聘开发工程师（西安）,民营
驴妈妈2018校园招聘开发工程师（西安）,驴妈妈旅游网,中专,无工作经验,1.6,0.8,上海-普陀区,驴妈妈2018校园招聘开发工程师（西安）,民营
实施工程师,福建天创信息科技股份有限公司,大专,2年经验,4.5千/月,3,西安,实施工程师,民营
区块链工程师,小马股份有限公司西安分公司,中专,无工作经验,2,1.5,西安-高新技术产业开发区,区块链工程师,民营
充电桩软件开发工程师（厦门）D,厦门新页科技有限公司,大专,无工作经验,2,1,厦门,充电桩软件开发工程师（厦门）D,民营
MES软件工程师,西安华创建筑设计有限公司,中专,3-4年经验,6千/月,4.5,西安-高新技术产业开发区,MES软件工程师,民营
数据出品服务开发工程师,西安四维图新信息技术有限公司,本科,3-4年经验,1.1,0.7,西安-高新技术产业开发区,数据出品服务开发工程师,民营
技术工程师,爱上电视传媒（北京）有限公司,中专,1年经验,8.5千/月,4.5,西安,技术工程师,"合资        ??|??150-500人            ??|??影视/媒体/艺术/文化传播,互联网/电子商务    "
校园招聘--软件开发工程师,西安葡萄城信息技术有限公司,本科,无工作经验,9千/月,5,西安,校园招聘--软件开发工程师,合资        ??|??150-500人            ??|??计算机软件    
软件项目经理（500强子公司）-旺座现代城,翔傲信息科技（上海）有限公司,本科,8-9年经验,20,15,西安-高新技术产业开发区,软件项目经理（500强子公司）-旺座现代城,"外资（欧美）        ??|??150-500人            ??|??计算机软件,互联网/电子商务    "
网络安全工程师,广州中爆数字信息科技股份有限公司,大专,1年经验,8.9千/月,7,西安-高新技术产业开发区,网络安全工程师,上市
Android开发工程师,西安瑜乐文化科技股份有限公司,本科,3-4年经验,1.2,0.7,西安,Android开发工程师,民营
android上位软件开发工程师 (职位编号：001),陕西永辉测控技术有限公司,本科,1年经验,6千/月,4,西安,android上位软件开发工程师 (职位编号：001),民营
IoT E2E SQA,西安三星电子研究有限公司,本科,3-4年经验,1.5,0.8,西安-高新技术产业开发区,IoT E2E SQA,"外资（非欧美）        ??|??150-500人            ??|??电子技术/半导体/集成电路,计算机软件    "
项目经理,西安英兆软件信息有限责任公司,本科,3-4年经验,1.5,0.8,西安-高新技术产业开发区,项目经理,外资（非欧美）        ??|??50-150人            ??|??计算机软件    
生产管理信息化实施顾问,北京东软慧聚信息技术股份有限公司,大专,5-7年经验,1.6,0.8,武汉,生产管理信息化实施顾问,民营
Android开发工程师,西安蜂语信息科技有限公司,本科,3-4年经验,1.5,0.8,西安-雁塔区,Android开发工程师,民营
高级软件工程师（RIL）,龙尚科技（上海）有限公司,本科,2年经验,1.5,1,西安-高新技术产业开发区,高级软件工程师（RIL）,民营
项目实施工程师（西安）,北京捷通华声科技股份有限公司,本科,1年经验,1,0.5,西安,项目实施工程师（西安）,上市
Android程序员,陕西松毅软件开发有限公司,本科,2年经验,8千/月,6,西安-雁塔区,Android程序员,民营
iptv电视游戏开发工程师,西安纷腾互动数码科技有限公司,中专,无工作经验,8千/月,5,西安-高新技术产业开发区,iptv电视游戏开发工程师,民营
居然之家集团2018年校园招聘,西安居然之家家居建材有限公司,本科,无工作经验,4.5千/月,3,西安,居然之家集团2018年校园招聘,民营
手机系统测试,北京湛腾世纪科技有限公司,本科,2年经验,8千/月,6,西安-高新技术产业开发区,手机系统测试,民营
高级测试工程师 (职位编号：mopon000934),深圳市泰久信息系统股份有限公司,本科,5-7年经验,2,1.2,西安,高级测试工程师 (职位编号：mopon000934),上市
IT带薪实习生(西安高新),深圳市众创企业管理咨询有限公司,中专,无工作经验,8千/月,5,西安,IT带薪实习生(西安高新),民营
web前端技术辅导,传智播客教育集团西安分校,中专,无工作经验,1.5,0.8,西安,web前端技术辅导,民营
Python高级开发工程师,陕西维纳传媒股份有限公司,本科,5-7年经验,1.5,1,西安,Python高级开发工程师,上市
Python高级研发工程师,西安智推网络科技有限公司,大专,3-4年经验,1.5,1,西安,Python高级研发工程师,民营
软件运维工程师,北京中软联动科技有限公司,本科,3-4年经验,8千/月,6,西安-高新技术产业开发区,软件运维工程师,民营
高级软件工程师,利驰软件,本科,5-7年经验,1.3,0.9,西安-高新技术产业开发区,高级软件工程师,民营
软件工程师,武汉地大信息工程股份有限公司,本科,无工作经验,9千/月,4,西安-曲江文化新区,软件工程师,民营
自动化测试工程师,西安盛道企业咨询有限公司,中专,无工作经验,1.5,1,西安,自动化测试工程师,民营
H5 前端开发工程师,深圳市法本信息技术股份有限公司,本科,无工作经验,8千/月,6,深圳-南山区,H5 前端开发工程师,上市
高级软件工程师,陕西银河景天电子有限责任公司,本科,5-7年经验,30,15,西安,高级软件工程师,民营
软件测试工程师,上海思伟软件有限公司,大专,无工作经验,5千/月,2,西安-雁塔区,软件测试工程师,民营
高级软件研发工程师,西安智多晶微电子有限公司,大专,无工作经验,1.5,0.8,西安,高级软件研发工程师,民营
语义理解算法工程师,TCL集团工业研究院,硕士,1年经验,1,0.8,西安-高新技术产业开发区,语义理解算法工程师,外资（非欧美）        ??|??150-500人            ??|??学术/科研    
安卓系统工程师,TCL通力电子,中专,无工作经验,,,西安-高新技术产业开发区,安卓系统工程师,上市
Android开发工程师,西安博亚时代通讯技术有限公司,大专,无工作经验,9千/月,6,西安-高新技术产业开发区,Android开发工程师,民营
软件工程师（2016应届毕业生）,深圳中航信息科技产业股份有限公司,本科,无工作经验,6千/月,4,深圳-福田区,软件工程师（2016应届毕业生）,民营
运维工程师,西安盈谷网络科技有限公司,本科,无工作经验,1.2,0.6,西安-高新技术产业开发区,运维工程师,民营
Android高级开发工程师（车载产品）,上海亿凯信息技术有限公司,中专,5-7年经验,1.5,1,上海-浦东新区,Android高级开发工程师（车载产品）,民营
电气工程师,陕西安信医学技术开发有限公司,硕士,3-4年经验,6千/月,4.5,西安,电气工程师,民营
软件研发工程师（陕西）,中国移动通信集团设计院有限公司陕西分公司,硕士,无工作经验,8千/月,6,陕西省,软件研发工程师（陕西）,国企        
MAX开发,杭州华星创业通信技术股份有限公司,中专,2年经验,8千/月,6,西安,MAX开发,上市
信息管理中心总监,陕西必康制药集团控股有限公司,本科,10年以上经验,1.5,1,西安,信息管理中心总监,上市
软件工程师,陕西路通达电子科技有限公司,本科,2年经验,8千/月,6,西安-雁塔区,软件工程师,民营
日本免税店/奢侈品/店员/翻译担当15-20万,青岛知行国际经济技术合作有限公司,大专,无工作经验,20,15,青岛-城阳区,日本免税店/奢侈品/店员/翻译担当15-20万,民营
软件项目经理 (职位编号：17006),三门峡崤云信息服务股份有限公司,本科,3-4年经验,,,三门峡,软件项目经理 (职位编号：17006),"国企        ??|??50-150人            ??|??计算机服务(系统、数据服务、维修),计算机软件    "
软件工程师,上海澳华光电内窥镜有限公司,本科,2年经验,1.2,0.8,西安,软件工程师,合资        ??|??150-500人            ??|??医疗设备/器械    
软件测试,西安三好软件技术股份有限公司,中专,无工作经验,4.5千/月,3,西安-碑林区,软件测试,民营
项目实施-全程供应链事业部,上海博科资讯股份有限公司,大专,1年经验,1.5,1,西安,项目实施-全程供应链事业部,"合资        ??|??1000-5000人            ??|??计算机软件,计算机服务(系统、数据服务、维修)    "
物联网云平台需求工程师,深圳市中兴物联科技有限公司,本科,无工作经验,2,1.5,西安-高新技术产业开发区,物联网云平台需求工程师,民营
阿里云事业群-云业务架构师-西安区域 (职位编号：GP043868),阿里巴巴集团,本科,5-7年经验,,,西安,阿里云事业群-云业务架构师-西安区域 (职位编号：GP043868),上市
软件开发岗 (职位编号：527311),吉利集团（宝鸡基地）,中专,无工作经验,6千/月,4.5,宝鸡,软件开发岗 (职位编号：527311),民营
亚信安全_软件实施（西安）(30120170600020),亚信安全AIS,本科,3-4年经验,1,0.8,西安,亚信安全_软件实施（西安）(30120170600020),合资            ??|??通信/电信运营、增值服务    
软件工程师（陕西区域）,广州天维信息技术股份有限公司,大专,1年经验,8千/月,4,西安,软件工程师（陕西区域）,上市
ios开发工程师(苹果APP开发),青岛百诺网络科技有限公司,本科,3-4年经验,1.2,0.8,西安-高新技术产业开发区,ios开发工程师(苹果APP开发),民营
WEB前端开发工程师,西安圣点世纪科技有限公司,本科,3-4年经验,1,0.6,西安-高新技术产业开发区,WEB前端开发工程师,民营
Android开发工程师,北京盛天上游网络技术有限公司,中专,无工作经验,1.5,1.2,西安-高新技术产业开发区,Android开发工程师,上市
安卓游戏开发工程师-五险一金+年终奖+补贴 (职位编号：006),西安奇迅艺游网络科技有限公司,中专,3-4年经验,8千/月,6,西安-高新技术产业开发区,安卓游戏开发工程师-五险一金+年终奖+补贴 (职位编号：006),民营
MXA Module Test Engineer / 测试工程师,美光半导体（西安）有限责任公司,本科,8-9年经验,,,西安,MXA Module Test Engineer / 测试工程师,外资（欧美）        ??|??1000-5000人            ??|??电子技术/半导体/集成电路    
.NET开发工程师,西安优盾电子技术应用有限公司,本科,3-4年经验,8千/月,6,西安,.NET开发工程师,民营
研发部经理,西安朝阳医疗信息产业有限责任公司,本科,5-7年经验,3,1.5,西安,研发部经理,民营
web 开发岗,西安纳百电子科技有限公司,中专,1年经验,4.5千/月,3,西安,web 开发岗,民营
开发工程师,中通服软件科技有限公司,本科,3-4年经验,6千/月,4.5,西安-高新技术产业开发区,开发工程师,"合资        ??|??500-1000人            ??|??计算机软件,计算机服务(系统、数据服务、维修)    "
游戏软件工程师,上海巨贤网络科技有限公司西安研发中心,本科,无工作经验,6千/月,4.5,西安,游戏软件工程师,民营
系统架构师,西咸新区秦汉新城新丝路数字文化科技有限公司,中专,10年以上经验,2.5,2,陕西省,系统架构师,"国企        ??|??少于50人            ??|??影视/媒体/艺术/文化传播,文字媒体/出版    "
软件研发工程师,航天恒星空间技术应用有限公司,本科,无工作经验,1,0.8,西安,软件研发工程师,国企        ??|??150-500人            ??|??通信/电信/网络设备    
系统架构师,北京卡里奥科技有限公司,大专,3-4年经验,4,3,西安,系统架构师,民营
自动化测试工程师,西安TCL软件开发有限公司,本科,2年经验,8千/月,6,西安,自动化测试工程师,外资（非欧美）        ??|??50-150人            ??|??计算机软件    
数据分析,海南小二网络科技有限公司,本科,无工作经验,8千/月,6,西安,数据分析,创业
计算机软件工程师  有赴日就业机会 月薪11K起,昆明瑶池科技有限公司,大专,1年经验,1.5,1,国外,计算机软件工程师  有赴日就业机会 月薪11K起,民营
软件工程师,西安高晋软件科技有限公司,本科,1年经验,6千/月,4.5,西安,软件工程师,"外资（非欧美）        ??|??50-150人            ??|??计算机软件,多元化业务集团"
嵌入式软件应用工程师,陕西特恩电子科技有限公司,中专,3-4年经验,1,0.6,西安,嵌入式软件应用工程师,民营
网站程序员,西安大奥影视传媒股份有限公司,中专,3-4年经验,6千/月,4.5,西安,网站程序员,民营
软件开发工程师,西安航天恒星科技实业（集团）公司,中专,无工作经验,1.2,0.6,西安,软件开发工程师,"国企        ??|??150-500人            ??|??通信/电信/网络设备,贸易/进出口    "
软件研发工程师 -Web智能应用/系统软件集成工具及平台,研华（中国）有限公司,本科,3-4年经验,1,0.6,西安-高新技术产业开发区,软件研发工程师 -Web智能应用/系统软件集成工具及平台,"合资        ??|??5000-10000人            ??|??计算机硬件,计算机服务(系统、数据服务、维修)    "
应用软件工程师,西安艾索信息技术有限公司,中专,无工作经验,1.5,0.6,西安,应用软件工程师,民营
软件设计/开发实习生,西安壹道科网络科技有限公司,中专,无工作经验,6千/月,3,西安,软件设计/开发实习生,民营
高级图形/CAD开发工程师,西安海平方网络科技有限公司,本科,3-4年经验,2.5,1.5,西安-高新技术产业开发区,高级图形/CAD开发工程师,民营
资深前端工程师 (讲师方向),西安优逸客网络科技有限公司,中专,3-4年经验,4.5千/月,3,西安-雁塔区,资深前端工程师 (讲师方向),民营
云计算工程师,和利时集团--西安和利时,本科,5-7年经验,2,1.5,西安,云计算工程师,民营
三坐标测量机应用工程师,海克斯康测量技术（青岛）有限公司,本科,无工作经验,1,0.8,西安-雁塔区,三坐标测量机应用工程师,"合资        ??|??500-1000人            ??|??机械/设备/重工,仪器仪表/工业自动化    "
Sr. QA Engineer (Blackbox) 高级黑盒测试工程师,西安泰为软件有限公司,本科,5-7年经验,1.2,0.8,西安-高新技术产业开发区,Sr. QA Engineer (Blackbox) 高级黑盒测试工程师,外资（欧美）        ??|??50-150人            ??|??计算机软件    
软件实施工程师,江苏金智教育信息股份有限公司,大专,无工作经验,8千/月,5,西安-高新技术产业开发区,软件实施工程师,民营
软件系统工程师,西安庆安航空电子有限公司,本科,3-4年经验,8千/月,5,西安-莲湖区,软件系统工程师,"合资        ??|??500-1000人            ??|??航天/航空,通信/电信/网络设备    "
c++开发工程师,西安酷乐软件开发有限公司,本科,3-4年经验,1.2,0.8,西安-高新技术产业开发区,c++开发工程师,民营
软件工程师 (职位编号：1),北京融盛智汇网络科技有限公司,本科,2年经验,1.2,0.6,西安-雁塔区,软件工程师 (职位编号：1),创业
信号处理工程师,北京京汇思维科技发展有限公司,硕士,无工作经验,1.5,1,北京-朝阳区,信号处理工程师,"外资（非欧美）        ??|??少于50人            ??|??计算机软件,通信/电信/网络设备    "
测试经理,美格智能西安研究所,本科,无工作经验,1,0.8,西安,测试经理,民营
就怕你不来一诚聘对日软件工程师 (职位编号：002),西安未都网络科技有限公司,大专,3-4年经验,8千/月,6,西安-高新技术产业开发区,就怕你不来一诚聘对日软件工程师 (职位编号：002),"外资（非欧美）        ??|??150-500人            ??|??计算机软件,计算机服务(系统、数据服务、维修)    "
电商运营设计,陕西丹道酒业有限公司,中专,无工作经验,5.5千/月,3.5,西安-高新技术产业开发区,电商运营设计,民营
EDI项目技术支持/实施,西安知行软件有限公司,本科,无工作经验,6千/月,4.5,西安-高新技术产业开发区,EDI项目技术支持/实施,合资        ??|??少于50人            ??|??计算机软件    
软件工程师（监控系统方向）,特变电工西安电气科技有限公司,硕士,3-4年经验,1,0.8,西安,软件工程师（监控系统方向）,上市
2018信息-系统开发助理（西安工作/2018应届）,中国东方航空股份有限公司,本科,无工作经验,6千/月,4.5,西安-高新技术产业开发区,2018信息-系统开发助理（西安工作/2018应届）,"国企        ??|??5000-10000人            ??|??航天/航空,计算机服务(系统、数据服务、维修)    "
数据仓库架构师,北京寄云鼎城科技有限公司,本科,5-7年经验,2,1,西安,数据仓库架构师,民营
测试工程师（高级）,云南省国有资本运营商城管理有限公司,本科,无工作经验,3,1.6,西安,测试工程师（高级）,"国企        ??|??10000人以上            ??|??互联网/电子商务,多元化业务集团"
软件工程师,沈阳新松机器人自动化股份有限公司-西安中心,本科,2年经验,,,西安,软件工程师,上市
软件研发工程师（项目经理）,国网信通亿力科技有限责任公司西安分公司,本科,3-4年经验,7千/月,4,西安-碑林区,软件研发工程师（项目经理）,"国企        ??|??少于50人            ??|??计算机软件,电气/电力/水利    "
研发工程师,西安鼎蓝通信技术有限公司,大专,5-7年经验,1,0.8,西安,研发工程师,民营
CFD咨询专家,安世亚太科技股份有限公司,硕士,2年经验,1.5,1,西安-高新技术产业开发区,CFD咨询专家,民营
售前/售后技术支持工程师,水禾测绘信息技术有限公司,本科,3-4年经验,1,0.5,西安,售前/售后技术支持工程师,民营
产品研发经理,陕西运维电力股份有限公司,中专,无工作经验,8千/月,6,西安,产品研发经理,民营
软件开发工程师,Thoughtworks,中专,无工作经验,1,0.5,西安,软件开发工程师,外企代表处        ??|??150-500人            ??|??计算机软件    
中高级软件研发工程师,西安磐基新能源科技有限公司,大专,无工作经验,1.2,0.7,西安,中高级软件研发工程师,民营
应用系统运维岗,长安国际信托股份有限公司,本科,1年经验,6千/月,4,西安-雁塔区,应用系统运维岗,民营
技术支持/Technical Support (职位编号：04082017001),新西兰SERKO西安代表处,本科,1年经验,7千/月,5,西安,技术支持/Technical Support (职位编号：04082017001),外企代表处        ??|??150-500人            ??|??计算机软件    
实施工程师,福建八萃网络科技有限公司,大专,无工作经验,6千/月,4,西安,实施工程师,民营
系统架构师,通力凯顿（北京）系统集成有限公司,本科,5-7年经验,1.5,1,北京-朝阳区,系统架构师,民营
技术研发工程师,陕西仁达网络科技有限公司,大专,1年经验,6千/月,3,西安-雁塔区,技术研发工程师,民营
技术支持工程师,西安纳兴电子科技有限公司,本科,2年经验,8千/月,4,西安-雁塔区,技术支持工程师,民营
急聘 Domino工程师-西安-00394,中信网络科技股份有限公司,中专,无工作经验,1,0.8,西安,急聘 Domino工程师-西安-00394,国企        ??|??500-1000人            ??|??计算机软件    
软件开发工程师,西安翼渡电子科技有限公司,本科,2年经验,8千/月,6,西安-高新技术产业开发区,软件开发工程师,民营
PHP工程师,陕西逸舍网络科技有限公司,大专,无工作经验,4.5千/月,3,西安,PHP工程师,民营
( C#.NET)Senior Software Engineer,圣宝莱智能存储系统（上海）有限公司西安分公司,本科,8-9年经验,1.3,1,西安-高新技术产业开发区,( C#.NET)Senior Software Engineer,"外资（欧美）        ??|??少于50人            ??|??计算机软件,医疗设备/器械    "
网站开发工程师,得安集团,本科,3-4年经验,1,0.5,西安,网站开发工程师,民营
技术研发,西安欧亚学院,本科,无工作经验,6千/月,3,西安-雁塔区,技术研发,非营利机构        ??|??500-1000人            ??|??教育/培训/院校    
项目技术人员,广东德生科技股份有限公司,大专,1年经验,7千/月,3,西安,项目技术人员,民营
互联网产品测试岗,西部证券股份有限公司,硕士,无工作经验,8千/月,6,西安-新城区,互联网产品测试岗,上市
软件工程师（C/C++）,中兴仪器（深圳）有限公司,本科,2年经验,8千/月,6,西安,软件工程师（C/C++）,"国企        ??|??150-500人            ??|??环保,仪器仪表/工业自动化    "
新媒体平台技术专员,西安康冠网络文化传播有限公司,中专,2年经验,8千/月,6,西安-经济技术开发区,新媒体平台技术专员,民营
嵌入式开发软件工程师,上海宽翼通信科技股份有限公司,本科,2年经验,2,0.6,西安-雁塔区,嵌入式开发软件工程师,上市
医保控费项目经理,万达信息股份有限公司,中专,无工作经验,,,西安,医保控费项目经理,上市
网络信息安全工程师,云南省国有资本运营商城管理有限公司,大专,2年经验,2,0.6,西安,网络信息安全工程师,"国企        ??|??1000-5000人            ??|??互联网/电子商务,金融/投资/证券    "
GIS软件工程师（B/S方向）,西安瑞特森信息科技有限公司,大专,无工作经验,8千/月,4,西安-高新技术产业开发区,GIS软件工程师（B/S方向）,民营
网络技术,陕西通家汽车股份有限公司,本科,2年经验,4.5千/月,3,宝鸡,网络技术,民营
通信技术工程师,西安瑞日电子发展有限公司,本科,无工作经验,8千/月,6,西安,通信技术工程师,民营
研发工程师,上海百视通电视传媒有限公司陕西省分公司,中专,3-4年经验,1.5,1,西安-高新技术产业开发区,研发工程师,上市
高级开发工程师,上海八度网络科技有限公司,大专,3-4年经验,1.5,1,西安-未央区,高级开发工程师,民营
项目实施（实习生）,西安翼展电子科技有限公司,中专,无工作经验,,100元/天,西安-长安区,项目实施（实习生）,民营
项目经理,北京中科联通科技有限责任公司,本科,3-4年经验,1.5,1,西安-碑林区,项目经理,民营
IT技术助理,陕西瑞福祥文化艺术收藏品交易有限公司,中专,无工作经验,4千/月,3,西安-高新技术产业开发区,IT技术助理,民营
APP软件开发,西安鸣士机电开发有限公司,中专,无工作经验,10,8,西安,APP软件开发,民营
软件开发人员,西安阿泰尔电子科技有限公司,本科,2年经验,8千/月,6,西安,软件开发人员,民营
应用软件开发工程师（西安）,努比亚技术有限公司,中专,无工作经验,,,西安,应用软件开发工程师（西安）,国企            ??|??通信/电信运营、增值服务    
Android Telephony 开发工程师,西安闻泰电子科技有限公司,本科,3-4年经验,1.5,1,西安,Android Telephony 开发工程师,民营
系统运维工程师,深圳市行知网络科技有限公司,大专,1年经验,4.5千/月,3,西安,系统运维工程师,民营
研发工程师 / 测试工程师,中国科学院新疆理化技术研究所,本科,无工作经验,8千/月,4,乌鲁木齐,研发工程师 / 测试工程师,"事业单位        ??|??150-500人            ??|??学术/科研,教育/培训/院校    "
互联网产品经理 (职位编号：001),陕西省外经贸综合服务有限公司,本科,无工作经验,1,0.8,西安-雁塔区,互联网产品经理 (职位编号：001),"国企        ??|??少于50人            ??|??贸易/进出口,计算机软件    "
开发实习生（西安）,日常实习生项目,中专,无工作经验,,,西安,开发实习生（西安）,外资（欧美）        
WMS/TMS系统工程师,陕西医药控股集团派昂医药有限责任公司,大专,2年经验,1,0.8,西安,WMS/TMS系统工程师,国企        ??|??1000-5000人            ??|??制药/生物工程    
移动开发工程师,红有软件股份有限公司,大专,5-7年经验,1.5,1,西安-雁塔区,移动开发工程师,上市
Report开发工程师,咸阳彩虹光电科技有限公司,本科,无工作经验,6千/月,4.5,咸阳,Report开发工程师,国企        ??|??1000-5000人            ??|??电子技术/半导体/集成电路    
集团   软件工程师 (职位编号：0508),陕西永兴实业发展有限责任公司,大专,2年经验,6千/月,4.5,西安,集团   软件工程师 (职位编号：0508),民营
高级开发工程师,陕西南天成农业开发有限公司,大专,3-4年经验,8,6,西安,高级开发工程师,民营
软件开发维护,浙江天正信息科技有限公司,本科,无工作经验,7千/月,4,西安,软件开发维护,"国企        ??|??50-150人            ??|??计算机软件,计算机硬件    "
新媒体运营专员,中大（延安）商品交易中心有限公司,本科,2年经验,6千/月,4.5,西安-高新技术产业开发区,新媒体运营专员,民营
遥感算法设计师,航天星图科技（北京）有限公司,本科,2年经验,1,0.5,西安-国家民用航天产业基地,遥感算法设计师,"国企        ??|??150-500人            ??|??计算机软件,航天/航空    "
(SFAE)高级软件开发工程师/Sr. Developer Engineer (职位编号：TPMT36832),西门子工厂自动化工程有限公司(SFAE),硕士,3-4年经验,,,上海,(SFAE)高级软件开发工程师/Sr. Developer Engineer (职位编号：TPMT36832),外资（欧美）        ??|??1000-5000人            ??|??仪器仪表/工业自动化    
招聘2018届毕业生,西安西工大科信软件有限责任公司,中专,无工作经验,4.5千/月,3,西安,招聘2018届毕业生,民营
管理培训生,广州易尊网络科技股份有限公司,本科,无工作经验,8千/月,4.5,广州,管理培训生,上市
BI工程师,天网软件股份有限公司,中专,无工作经验,6千/月,4.5,西安,BI工程师,民营
技术工程师,创识科技股份有限公司,大专,无工作经验,6千/月,4.5,西安-未央区,技术工程师,民营
软件工程师,苏州微缔软件股份有限公司,中专,2年经验,1,0.5,西安,软件工程师,上市
软件UI工程师,西安谷雨电子科技有限责任公司,大专,1年经验,4.5千/月,3,西安-曲江文化新区,软件UI工程师,民营
自动化测试工程师 (职位编号：0002),西安博彦信息技术有限公司,本科,无工作经验,8千/月,5,西安,自动化测试工程师 (职位编号：0002),上市
技术支持工程师,浙江银江智慧交通集团有限公司,大专,无工作经验,4.5千/月,3,西安-高新技术产业开发区,技术支持工程师,民营
技术支持工程师（监控系统-风创）,内蒙古久和能源装备有限公司,中专,1年经验,8千/月,5,西安-未央区,技术支持工程师（监控系统-风创）,民营
高级软件工程师,上海宝信软件股份有限公司,本科,1年经验,6千/月,4,西安-高新技术产业开发区,高级软件工程师,国企        ??|??1000-5000人            ??|??计算机软件    
Framework工程师,上海三旗通信科技有限公司,本科,无工作经验,1.5,0.8,西安-高新技术产业开发区,Framework工程师,"合资        ??|??150-500人            ??|??通信/电信/网络设备,计算机硬件    "
Web开发工程师 (职位编号：05),宁波江丰生物信息技术有限公司,大专,无工作经验,7千/月,4,宁波,Web开发工程师 (职位编号：05),民营
软件实施工程师,翰林经纬科技（北京）有限公司,大专,无工作经验,6千/月,3,西安,软件实施工程师,民营
银行数据分析师（实习生）,北京融英乐知科技有限公司,大专,无工作经验,1.2,0.6,北京-西城区,银行数据分析师（实习生）,民营
IT部门负责人,西安浦勒生物科技有限公司,本科,2年经验,1,0.8,西安,IT部门负责人,民营
资深网管软件研发工程师,瑞斯康达科技发展股份有限公司,中专,无工作经验,2,0.7,陕西省,资深网管软件研发工程师,民营
微软软件研发工程师,西安华美海润软件工程有限公司,本科,无工作经验,1,0.4,西安,微软软件研发工程师,合资        ??|??50-150人            ??|??计算机软件    
对日软件开发工程师-OBA3,上海新致软件股份有限公司,中专,无工作经验,9千/月,5,西安,对日软件开发工程师-OBA3,"合资        ??|??1000-5000人            ??|??计算机软件,计算机服务(系统、数据服务、维修)    "
开发工程师,西安精益达供应链科技管理有限责任公司,大专,3-4年经验,8千/月,5,西安-高新技术产业开发区,开发工程师,民营
云端开发工程师（西安）,四川长虹多媒体产业有限公司,硕士,无工作经验,,,西安,云端开发工程师（西安）,国企        
数据分析/数据挖掘师,陕西博安消防科技有限公司,中专,2年经验,6千/月,4.5,西安,数据分析/数据挖掘师,民营
通信工程师 网优测试实习生 3k-5k急招,陕西志和信息技术有限公司,大专,无工作经验,5千/月,2.5,西安-雁塔区,通信工程师 网优测试实习生 3k-5k急招,民营
2018应届毕业生,上海易立德企业管理咨询有限公司,本科,无工作经验,8千/月,6,西安,2018应届毕业生,民营
软件工程师,西安微媒软件有限公司,大专,2年经验,4千/月,3,西安-高新技术产业开发区,软件工程师,民营
研发工程师,陕西航天信息有限公司,中专,无工作经验,8千/月,4,西安,研发工程师,上市
项目经理,陕西宏景瑞安信息技术有限公司,本科,3-4年经验,1,0.4,西安,项目经理,民营
Web高级前端工程师,摩石环球科技有限公司,本科,3-4年经验,7千/月,4,西安,Web高级前端工程师,"外资（非欧美）        ??|??50-150人            ??|??计算机软件,互联网/电子商务    "
应用软件工程师,西安兴航航空仿真科技有限公司,本科,3-4年经验,1,0.6,西安-阎良区,应用软件工程师,民营
项目经理,恩梯梯数据（中国）信息技术有限公司西安分公司,本科,5-7年经验,1.5,1,西安-高新技术产业开发区,项目经理,"外资（非欧美）        ??|??150-500人            ??|??计算机软件,计算机服务(系统、数据服务、维修)    "
网管软件工程师,大唐移动通信设备有限公司,硕士,无工作经验,,,西安,网管软件工程师,国企        
数据分析工程师,西安涵君食品有限公司,本科,1年经验,6千/月,4.5,西安-雁塔区,数据分析工程师,民营
软件工程师 FIG Engineer,奥宝精密电子（苏州）有限公司,本科,1年经验,6千/月,4.5,咸阳,软件工程师 FIG Engineer,外资（欧美）        ??|??150-500人            ??|??电子技术/半导体/集成电路    
软件开发工程师,广州市汶鑫自控工程有限公司,中专,5-7年经验,1.5,1,西安,软件开发工程师,民营
WEB前端开发/国企招聘/西安,大唐融合通信股份有限公司,本科,3-4年经验,1,0.6,西安,WEB前端开发/国企招聘/西安,"国企        ??|??150-500人            ??|??计算机软件,通信/电信/网络设备    "
软件工程师,西安奥尼普特电子信息技术有限责任公司,本科,无工作经验,1,0.8,西安,软件工程师,民营
Android Framework架构和应用工程师,陕西瑞迅电子信息技术有限公司,本科,3-4年经验,1.2,0.8,西安-高新技术产业开发区,Android Framework架构和应用工程师,民营
软件测试工程师,广州通导信息技术服务有限公司,本科,无工作经验,8千/月,4,西安,软件测试工程师,民营
项目经理,西安科籁信息技术有限公司,本科,2年经验,1.2,0.6,西安,项目经理,民营
软件开发工程师,陕西神舟航天软件股份有限公司,本科,3-4年经验,6.5千/月,4.5,西安,软件开发工程师,国企        ??|??少于50人            ??|??计算机软件    
android软件开发工程师,西安斯耐科管道机器人科技有限公司,本科,3-4年经验,8千/月,6,西安-高新技术产业开发区,android软件开发工程师,民营
手机游戏客户端开发工程师,上海迪果网络科技有限公司,本科,无工作经验,1.2,0.7,西安-高新技术产业开发区,手机游戏客户端开发工程师,民营
对日软件开发工程师[JTC04] (职位编号：JTE04),南京联迪信息系统股份有限公司,中专,1年经验,1,0.8,南京-建邺区,对日软件开发工程师[JTC04] (职位编号：JTE04),民营
渗透测试工程师,陕西通信信息技术有限公司,本科,1年经验,6千/月,4.5,西安,渗透测试工程师,"国企        ??|??150-500人            ??|??通信/电信运营、增值服务,通信/电信/网络设备    "
Android app软件开发工程师,西安长大公路养护技术有限公司,本科,无工作经验,6千/月,3,西安-雁塔区,Android app软件开发工程师,民营
Sr.python automation TE（高级自动化测试）-西安-01960,博彦科技股份有限公司,中专,3-4年经验,1.5,1,西安,Sr.python automation TE（高级自动化测试）-西安-01960,"外资（欧美）        ??|??10000人以上            ??|??计算机软件,通信/电信/网络设备    "
Android开发工程师,陕西时尚圈电子商务有限公司,中专,无工作经验,1,0.8,宝鸡,Android开发工程师,民营
高薪诚聘全景VR开发工程师（公司氛围好）,陕西中清龙图数字科技有限公司,中专,无工作经验,8千/月,6,西安,高薪诚聘全景VR开发工程师（公司氛围好）,民营
Java/php开发工程师,金月汇大健康产业管理有限公司,中专,无工作经验,6千/月,4.5,西安,Java/php开发工程师,民营
java开发工程师,北京中软国际信息技术有限公司,本科,无工作经验,1,0.8,西安-高新技术产业开发区,java开发工程师,"合资        ??|??10000人以上            ??|??计算机服务(系统、数据服务、维修),计算机软件    "
Java高级开发工程师,中创三优（北京）科技有限公司,本科,5-7年经验,1.3,0.8,西安-高新技术产业开发区,Java高级开发工程师,合资        ??|??50-150人            ??|??互联网/电子商务    
中级JAVA工程师,西安银博科技有限责任公司,本科,3-4年经验,1.3,0.8,西安,中级JAVA工程师,国企        ??|??150-500人            ??|??计算机软件    
JAVA PL工程师职位,西安安谷运合软件技术有限公司,本科,3-4年经验,1.4,0.7,西安,JAVA PL工程师职位,民营
Java研发工程师(T3. 工程师) (职位编号：T3),深圳安道云科股份有限公司,本科,1年经验,8千/月,6,西安-雁塔区,Java研发工程师(T3. 工程师) (职位编号：T3),民营
Java开发工程师,深圳震有科技股份有限公司,本科,2年经验,1.2,0.6,西安-高新技术产业开发区,Java开发工程师,民营
JAVA开发工程师,航天星图科技（北京）有限公司,硕士,无工作经验,,,西安,JAVA开发工程师,民营
高级Java开发工程师,西安冠群信息技术有限公司,大专,5-7年经验,1.5,1,西安-雁塔区,高级Java开发工程师,上市
JAVA开发工程师,西安榴莲网络科技有限公司,本科,3-4年经验,1.5,1,西安-高新技术产业开发区,JAVA开发工程师,民营
java 软件开发工程师,西安同凯电子科技有限责任公司,本科,3-4年经验,7千/月,4,西安-高新技术产业开发区,java 软件开发工程师,民营
零基础Java助理工程师(高薪双休),西安腾瑞信息科技有限公司,大专,无工作经验,8千/月,3,西安,零基础Java助理工程师(高薪双休),民营
Java开发工程师,西安极数宝数据服务有限公司,本科,3-4年经验,1,0.4,西安,Java开发工程师,民营
Java高级工程师,华正云科（北京）信息技术有限公司,本科,3-4年经验,1.2,0.8,西安-经济技术开发区,Java高级工程师,民营
实习生-Java（储备岗）-接受转行,陕西西软智能科技有限责任公司,大专,无工作经验,6千/月,3,西安-高新技术产业开发区,实习生-Java（储备岗）-接受转行,民营
JAVA软件工程师,陕西金开贷金融服务有限公司,本科,无工作经验,12,8,西安,JAVA软件工程师,国企        ??|??50-150人            ??|??金融/投资/证券    
Java高级开发工程师,陕西西建大聚慧软件科技有限公司,本科,5-7年经验,1.5,0.8,西安-碑林区,Java高级开发工程师,民营
Java中级软件工程师,西安途悦信息技术有限公司,本科,5-7年经验,9千/月,7,西安-雁塔区,Java中级软件工程师,民营
JAVA项目经理,上海汇纳信息科技股份有限公司,本科,5-7年经验,1.5,1,西安,JAVA项目经理,上市
Java开发工程师,上海阅维信息科技有限公司,本科,3-4年经验,1.6,0.8,西安,Java开发工程师,民营
Java高级开发工程师,上海拓取网络信息服务有限公司,本科,5-7年经验,1.6,1.2,西安,Java高级开发工程师,民营
java高级软件工程师,西安驭思软件科技有限公司,本科,3-4年经验,8千/月,6,西安,java高级软件工程师,民营
互联网软件开发带薪实习生（Java方向）,北京电商世纪科技有限公司,大专,无工作经验,6千/月,4.5,西安,互联网软件开发带薪实习生（Java方向）,民营
java软件开发(理工类可无经验),西安亿才软件服务外包有限公司,大专,无工作经验,8千/月,3.5,西安,java软件开发(理工类可无经验),民营
JAVA开发工程师 (职位编号：002),西安触角电子科技有限公司,大专,2年经验,6千/月,4.5,西安-未央区,JAVA开发工程师 (职位编号：002),民营
java高级开发工程师,西安复观网络科技有限公司,大专,3-4年经验,1,0.6,西安,java高级开发工程师,上市
JAVA高级开发工程师,北京思诺博信息技术股份有限公司,本科,3-4年经验,1,0.8,西安,JAVA高级开发工程师,合资        ??|??150-500人            ??|??计算机软件    
Java软件工程师,华软汇智（北京）国际软件技术研究院陕西分院,中专,无工作经验,8千/月,6,西安,Java软件工程师,民营
JAVA工程师,西安数之元网络科技有限公司,本科,3-4年经验,7千/月,4,西安-高新技术产业开发区,JAVA工程师,民营
高级Java软件工程师,北京北信源软件股份有限公司西安分公司,大专,5-7年经验,1.5,1,西安-雁塔区,高级Java软件工程师,民营
JAVA开发工程师(001258) (职位编号：netposa001258),东方网力科技股份有限公司,本科,5-7年经验,1.5,1,西安-雁塔区,JAVA开发工程师(001258) (职位编号：netposa001258),上市
java软件测试全职实习生,北京信都桥景科技有限公司,本科,无工作经验,3千/月,2,西安-高新技术产业开发区,java软件测试全职实习生,民营
高级Java工程师,陕西万尚星软件科技有限公司,大专,无工作经验,1.5,1,西安-碑林区,高级Java工程师,民营
Java开发工程师,西安海博软件服务有限公司,本科,无工作经验,1.2,0.8,西安,Java开发工程师,外资（欧美）        ??|??少于50人            ??|??计算机软件    
JAVA高级开发工程师,西安酷聊智能科技有限公司,本科,3-4年经验,1.5,0.9,西安-高新技术产业开发区,JAVA高级开发工程师,民营
诚聘java技术员,西安杰普林网络科技有限公司,大专,无工作经验,4.5千/月,3,西安-雁塔区,诚聘java技术员,民营
java开发工程师,上海青乾科技有限公司,本科,2年经验,6千/月,4.5,西安-雁塔区,java开发工程师,民营
Java开发工程师,西安宫氏云社网络科技有限公司,中专,3-4年经验,8千/月,4,西安-高新技术产业开发区,Java开发工程师,民营
Java 架构师,西安开垦信息科技有限公司,大专,5-7年经验,2.6,1.5,西安-高新技术产业开发区,Java 架构师,民营
高级JAVA Web开发工程师,西安恒坐标教育科技集团有限公司,本科,3-4年经验,1.5,1,西安-雁塔区,高级JAVA Web开发工程师,民营
Java  Web开发工程师,西安轩承网络科技有限公司,本科,2年经验,1.2,0.6,西安-高新技术产业开发区,Java  Web开发工程师,民营
Java讲师(双休/带薪寒假/交五险),陕西厚溥教育科技有限公司,本科,2年经验,1,0.6,咸阳,Java讲师(双休/带薪寒假/交五险),民营
java高级开发工程师,西安众擎电子科技有限公司,本科,5-7年经验,1.5,1,西安,java高级开发工程师,民营
JAVA软件工程师,西安灵秀机电智能系统技术有限公司,本科,无工作经验,8千/月,4,西安,JAVA软件工程师,民营
java中高级软件工程师,北京慧点科技有限公司,本科,5-7年经验,1.5,1,西安,java中高级软件工程师,国企        ??|??500-1000人            ??|??计算机软件    
JAVA开发工程师,西安环太科技发展有限公司,中专,无工作经验,6千/月,4.5,西安-高新技术产业开发区,JAVA开发工程师,民营
Java高级开发工程师,西安图迹信息科技有限公司,本科,5-7年经验,1.5,0.8,西安-高新技术产业开发区,Java高级开发工程师,民营
Java开发工程师（西安）,深圳市蓝凌软件股份有限公司,大专,3-4年经验,1,0.8,西安,Java开发工程师（西安）,上市
中级Java开发工程师 (职位编号：XAHZ2015001),西安汇正信息科技有限公司,大专,3-4年经验,8千/月,6,西安-高新技术产业开发区,中级Java开发工程师 (职位编号：XAHZ2015001),民营
Java开发工程师,海南尚品易购电子商务有限公司,中专,无工作经验,8千/月,6,西安,Java开发工程师,民营
Java开发工程师,海南尚品易购电子商务有限公司,中专,无工作经验,8千/月,6,西安,Java开发工程师,民营
Java讲师（年薪15-20万）双休,西安雁塔兆隆计算机培训中心,本科,1年经验,20,15,西安,Java讲师（年薪15-20万）双休,民营
java开发（西安）,上海易宝软件有限公司杭州分公司,本科,无工作经验,1,0.8,西安,java开发（西安）,上市
Java开发实习生,西安尚观锦程网络科技有限公司,中专,无工作经验,4.5千/月,3,西安-高新技术产业开发区,Java开发实习生,民营
JAVA讲师,华育国际教育集团西安分公司,大专,无工作经验,2,1.5,西安,JAVA讲师,民营
大数据JAVA开发工程师,通联商务服务有限公司,本科,3-4年经验,1.5,1,西安-新城区,大数据JAVA开发工程师,民营
Java软件开发工程师,西安融科通信技术有限公司,本科,2年经验,8千/月,6,西安,Java软件开发工程师,民营
MES助理方案工程师（JAVA 软件工程师）,罗克韦尔自动化(中国)有限公司,本科,无工作经验,,,西安,MES助理方案工程师（JAVA 软件工程师）,外资（欧美）        ??|??1000-5000人            ??|??仪器仪表/工业自动化    
高级java开发工程师 (职位编号：219368498013108),文思海辉技术有限公司Pactera Technology International Limited,本科,5-7年经验,1.5,1,西安,高级java开发工程师 (职位编号：219368498013108),外资（欧美）        ??|??10000人以上            ??|??计算机软件    
Java软件工程师（西安）,中达电子（江苏）有限公司,本科,无工作经验,,,西安,Java软件工程师（西安）,外资（非欧美）        
软件研发经理（JAVA）,西安银创多媒体有限责任公司,本科,5-7年经验,1.5,1,西安,软件研发经理（JAVA）,民营
急聘初级java开发工程师,西安泰晟信息科技有限公司,大专,2年经验,9千/月,6,兰州,急聘初级java开发工程师,民营
JAVA开发（中级）,西安美齐电子商务有限公司,大专,3-4年经验,1.3,0.6,西安-经济技术开发区,JAVA开发（中级）,民营
java开发工程师（手游服务器端）,西安西品网络科技有限公司,大专,2年经验,8千/月,6,西安-经济技术开发区,java开发工程师（手游服务器端）,民营
Java开发工程师,陕西德通信息科技有限公司,本科,1年经验,4.5千/月,3,西安-高新技术产业开发区,Java开发工程师,民营
JAVA-WEB高级软件工程师,西安易用视点软件科技有限公司,中专,3-4年经验,1,0.8,西安,JAVA-WEB高级软件工程师,民营
Java讲师（年薪15-20万）,西安智荟信息技术有限公司,中专,无工作经验,2,1.5,西安-高新技术产业开发区,Java讲师（年薪15-20万）,民营
Java讲师/助教,西安达内软件科技有限公司和平门分公司,大专,3-4年经验,8千/月,6,西安-碑林区,Java讲师/助教,民营
Java高级开发工程师,浙江网新恩普软件有限公司,中专,无工作经验,1,0.8,西安,Java高级开发工程师,民营
java/Androidl/c++/.net园区定岗生,西安哈伦网络科技有限公司,中专,无工作经验,6千/月,4.5,西安,java/Androidl/c++/.net园区定岗生,民营
Java大数据开发/初级工程师程序员/实习生,中高软信息技术（北京）有限公司,大专,1年经验,8千/月,6,北京-海淀区,Java大数据开发/初级工程师程序员/实习生,创业
Java高级开发工程师,西安圆创计算机信息技术有限责任公司,中专,无工作经验,1.2,0.6,西安,Java高级开发工程师,民营
JAVA工程师,广东华大互联网股份有限公司,大专,无工作经验,4.5千/月,3.5,西安,JAVA工程师,民营
java开发工程师（西安）,北京摩卡软件有限公司,大专,2年经验,1,0.8,西安,java开发工程师（西安）,"外资（非欧美）        ??|??500-1000人            ??|??计算机软件,计算机服务(系统、数据服务、维修)    "
Java工程师,陕西医药控股集团派昂医疗器械有限公司,大专,3-4年经验,6千/月,4.5,西安,Java工程师,"国企        ??|??50-150人            ??|??医疗设备/器械,医疗/护理/卫生    "
初级Java软件开发工程师实习生（应届生优先）,西安乔木网络科技有限公司,中专,无工作经验,1,0.8,西安,初级Java软件开发工程师实习生（应届生优先）,民营
java项目经理,陕西百事通企业投资（集团）有限公司,本科,无工作经验,1.6,1,西安-高新技术产业开发区,java项目经理,民营
Java /Web开发工程师,西安荣天信息技术有限公司,中专,3-4年经验,1,0.8,西安-高新技术产业开发区,Java /Web开发工程师,民营
Java高级开发工程师,河北中科恒运软件科技股份有限公司西安分公司,中专,5-7年经验,1.5,1,西安-高新技术产业开发区,Java高级开发工程师,民营
Java开发3年以上经验,西安安托电脑网络系统集成有限公司,本科,3-4年经验,8千/月,6,西安,Java开发3年以上经验,民营
Java软件开发工程师/程序员/实习生（包住）,中高软信息技术（北京）有限公司,大专,无工作经验,8千/月,4.5,西安-雁塔区,Java软件开发工程师/程序员/实习生（包住）,民营
直扩招Java实习生+储备人才+双休+五险一金,中软卓越科技集团,大专,无工作经验,4千/月,3,陕西省,直扩招Java实习生+储备人才+双休+五险一金,上市
Java软件开发实习生-直招,陕西联云数据技术服务有限公司,大专,无工作经验,6千/月,4,西安,Java软件开发实习生-直招,民营
Java高级软件工程师,大唐移动通信设备有限公司西安分公司,本科,3-4年经验,1,0.8,西安,Java高级软件工程师,国企        ??|??500-1000人            ??|??通信/电信/网络设备    
Java工程师,西安恒歌数码科技有限责任公司,本科,3-4年经验,1.2,0.7,西安,Java工程师,民营
高级java软件工程师,陕西万盛达信息科技有限公司,中专,3-4年经验,1.5,0.8,西安-碑林区,高级java软件工程师,民营
Java高级开发工程师,西安华众电子科技股份有限公司,中专,无工作经验,2.5,2,西安,Java高级开发工程师,上市
java开发工程师,浙江盘石信息技术股份有限公司,大专,3-4年经验,1,0.8,西安-高新技术产业开发区,java开发工程师,上市
Java/Web/UI储备工程师,西安长公信息科技有限公司,大专,无工作经验,4.5千/月,3,西安,Java/Web/UI储备工程师,上市
JAVA开发工程师,陕西中海华晟信息技术有限公司,中专,无工作经验,1.2,0.6,西安,JAVA开发工程师,民营
Java软件工程师,税友软件集团股份有限公司,大专,无工作经验,1,0.6,西安-雁塔区,Java软件工程师,民营
高级Java开发-西安-00233,卫宁健康科技集团股份有限公司,本科,无工作经验,1.5,1,西安-高新技术产业开发区,高级Java开发-西安-00233,上市
资深JAVA开发培训教师,安艾艾迪信息技术（上海）有限公司,本科,无工作经验,1.5,1,上海-长宁区,资深JAVA开发培训教师,外资（非欧美）        ??|??150-500人            ??|??教育/培训/院校    
大数据方向JAVA开发助理(双休）,北京优伯立信科技发展有限公司,大专,无工作经验,6千/月,4.5,西安,大数据方向JAVA开发助理(双休）,民营
Java高级开发工程师,天维尔信息科技股份有限公司,本科,5-7年经验,1.5,0.8,西安,Java高级开发工程师,民营
高级Java开发工程师（西安）(000800) (职位编号：nationsky000800),启迪国信科技有限公司,中专,无工作经验,2,1.5,西安-雁塔区,高级Java开发工程师（西安）(000800) (职位编号：nationsky000800),国企        ??|??500-1000人            ??|??互联网/电子商务    
对日java开发工程师,阿富络希信息科技（济南）有限公司,大专,无工作经验,5,1,国外,对日java开发工程师,外资（非欧美）        ??|??少于50人            ??|??计算机软件    
浏览器软件开发（Java/C）实习生/应届生 项目奖+提成,重庆卓睿信息技术有限公司,大专,无工作经验,6千/月,4.5,陕西省,浏览器软件开发（Java/C）实习生/应届生 项目奖+提成,上市
Java工程师,陕西智购网络科技有限公司,大专,无工作经验,6千/月,4,西安-雁塔区,Java工程师,民营
Java开发+双休+五险一金+应届生,西安龙卷风企业管理咨询有限公司,大专,无工作经验,6千/月,4,西安,Java开发+双休+五险一金+应届生,上市
JAVA架构师,西安远眺卫星通信有限公司,本科,3-4年经验,8千/月,6,西安-雁塔区,JAVA架构师,民营
Java开发工程师 (职位编号：1),陕西太白山旅游网络科技有限公司,本科,3-4年经验,1.2,0.5,西安-莲湖区,Java开发工程师 (职位编号：1),国企        ??|??50-150人            ??|??互联网/电子商务    
2017应届生-软件开发工程师（java）(西安),北京中油瑞飞信息技术有限责任公司,本科,无工作经验,8千/月,6,西安,2017应届生-软件开发工程师（java）(西安),"国企        ??|??1000-5000人            ??|??计算机软件,计算机服务(系统、数据服务、维修)    "
Java开发工程师,成都市新东能建信息技术有限公司西安分公司,大专,3-4年经验,1.2,0.8,西安-高新技术产业开发区,Java开发工程师,民营
java高级软件工程师,陕西集思科技有限公司,大专,8-9年经验,1.5,0.8,西安,java高级软件工程师,民营
Java开发工程师,广州亿程交通信息有限公司,大专,3-4年经验,1.2,0.6,西安,Java开发工程师,上市
java带薪开发实习岗（可接受应届生）,西安天讯网络信息技术有限公司,大专,无工作经验,4.5千/月,3,西安-高新技术产业开发区,java带薪开发实习岗（可接受应届生）,民营
JAVA开发项目经理,西安协同时光软件有限公司,大专,5-7年经验,1.2,0.8,西安,JAVA开发项目经理,民营
Java Web开发工程师 (职位编号：02),西安德雅通科技有限公司,大专,2年经验,9.9千/月,6,西安-高新技术产业开发区,Java Web开发工程师 (职位编号：02),民营
JAVA中高级软件工程师,陕西德容信息技术有限公司,本科,3-4年经验,1.2,0.8,西安,JAVA中高级软件工程师,民营
JAVA开发,中移在线服务有限公司,中专,5-7年经验,25,15,郑州,JAVA开发,"国企        ??|??500-1000人            ??|??计算机软件,电子技术/半导体/集成电路    "
Java开发实习生,杭州珍林网络技术有限公司,本科,无工作经验,5千/月,2.5,杭州-西湖区,Java开发实习生,民营
Java培训师,裕日软件有限公司,大专,3-4年经验,1,0.5,西安,Java培训师,合资        ??|??50-150人            ??|??计算机软件    
java讲师,西安华美职业技术培训学校,大专,1年经验,1.5,0.8,西安-雁塔区,java讲师,民营
Java开发工程师,杭州百世伽信息科技有限公司,本科,2年经验,1,0.6,西安,Java开发工程师,创业
JAVA开发工程师,北京量子伟业信息技术股份有限公司,大专,2年经验,1.2,0.8,西安,JAVA开发工程师,上市
实习生-初级Java工程师,西安亚购信息科技有限公司,中专,无工作经验,5千/月,4,西安-高新技术产业开发区,实习生-初级Java工程师,民营
Java开发工程师,西安依恩驰网络技术有限公司,中专,无工作经验,1,0.8,西安-高新技术产业开发区,Java开发工程师,民营
JAVA/Android应用程序开发工程师,西安天和防务技术股份有限公司,本科,3-4年经验,7千/月,4,西安,JAVA/Android应用程序开发工程师,上市
JAVA架构师,西安竟伯商贸有限公司,本科,无工作经验,2.5,2,西安-高新技术产业开发区,JAVA架构师,民营
Java高级开发工程师（陕西）,南昌健新科技有限公司,大专,无工作经验,1,0.8,西安,Java高级开发工程师（陕西）,民营
高级JAVA开发工程师,邦正科技股份有限公司,本科,5-7年经验,1.2,0.8,西安,高级JAVA开发工程师,上市
java程序员,西安英硕科技有限公司,本科,1年经验,4.5千/月,3,西安,java程序员,民营
高级java web开发工程师,上海道枢信息技术有限公司,本科,3-4年经验,2,1,上海-青浦区,高级java web开发工程师,创业
Java高级研发工程师,西安中服软件有限公司,本科,3-4年经验,1.5,1,西安,Java高级研发工程师,民营
java工程师,陕西锦华网络科技有限责任公司,中专,1年经验,6千/月,4.5,西安-高新技术产业开发区,java工程师,民营
Java软件开发/产品研发工程师,上海汉得信息技术股份有限公司,中专,无工作经验,1.5,0.8,西安,Java软件开发/产品研发工程师,上市
java开发工程师（西安）-广正(004468) (职位编号：glodon004468),广联达科技股份有限公司,本科,3-4年经验,1.5,1,西安-未央区,java开发工程师（西安）-广正(004468) (职位编号：glodon004468),上市
Java开发工程师,西安国际医学中心有限公司,本科,3-4年经验,9千/月,5,西安-高新技术产业开发区,Java开发工程师,上市
高级Java开发工程师,西安宇明信息科技有限公司,中专,3-4年经验,1,0.8,西安,高级Java开发工程师,民营
高级JAVA工程师,北京时代一峰信息技术有限公司,本科,2年经验,1.2,0.8,西安-高新技术产业开发区,高级JAVA工程师,民营
中高级Java开发工程师,长沙中航信息技术有限公司,大专,3-4年经验,8千/月,6,汉中,中高级Java开发工程师,民营
Java开发工程师,陕西省君凯电子科技有限公司,本科,2年经验,1,0.7,西安,Java开发工程师,民营
Java工程师,广誉远中药股份有限公司,中专,3-4年经验,9千/月,8,西安-高新技术产业开发区,Java工程师,上市
Java web软件开发工程师,北京瑞友科技股份有限公司,本科,3-4年经验,8千/月,6,西安-高新技术产业开发区,Java web软件开发工程师,民营
Java开发工程师,上海屹通信息科技发展有限公司,本科,无工作经验,8千/月,6,西安-高新技术产业开发区,Java开发工程师,上市
JAVA软件工程师,南威软件集团,本科,3-4年经验,8千/月,6,西安,JAVA软件工程师,上市
Java开发经理,苏迪科技,本科,3-4年经验,1.4,0.7,西安,Java开发经理,民营
Java开发软件工程师(中级),陕西恒盛园房地产开发有限公司,本科,3-4年经验,1,0.8,西安,Java开发软件工程师(中级),民营
中级Java开发工程师（西安）,深圳微品致远信息科技有限公司,中专,无工作经验,1.2,0.6,西安,中级Java开发工程师（西安）,"国企        ??|??150-500人            ??|??互联网/电子商务,计算机软件    "
中高级Java工程师,陕西埔安科贸有限公司,大专,无工作经验,1,0.8,西安-未央区,中高级Java工程师,民营
Java开发工程师,浙江大华技术股份有限公司,本科,2年经验,1.5,1,西安,Java开发工程师,民营
JAVA软件开发工程师,西咸新区旺贤资源管理有限公司,中专,无工作经验,8千/月,6,西安-碑林区,JAVA软件开发工程师,民营
JAVA,神州数码信息服务股份有限公司,本科,无工作经验,,,西安,JAVA,上市
Java开发工程师,亚信软件CMC,本科,无工作经验,1,0.6,西安-莲湖区,Java开发工程师,合资        ??|??10000人以上            ??|??计算机软件    
java开发工程师(11320170600014) (职位编号：004452),亚信软件研发中心PRD,本科,1年经验,1.5,1,西安-莲湖区,java开发工程师(11320170600014) (职位编号：004452),民营
Java资深开发工程师,上海哥瑞利软件有限公司,中专,无工作经验,1.8,1.2,上海-浦东新区,Java资深开发工程师,"合资        ??|??150-500人            ??|??计算机软件,计算机服务(系统、数据服务、维修)    "
Java开发工程师,一诺仪器（中国）有限公司,本科,无工作经验,1.2,0.6,西安,Java开发工程师,外资（非欧美）        ??|??500-1000人            ??|??仪器仪表/工业自动化    
JAVA后台开发经理,西安??通智能科技有限公司,中专,3-4年经验,1.8,1,西安-户县,JAVA后台开发经理,国企        ??|??少于50人            ??|??互联网/电子商务    
Java开发工程师（西安）,南京君合创胜数据科技有限责任公司,大专,2年经验,8,6,西安,Java开发工程师（西安）,民营
高级Java软件工程师,珠海捷智数据技术有限公司西安分公司,中专,无工作经验,1.6,1.2,西安-高新技术产业开发区,高级Java软件工程师,民营
Java开发工程师,西安澳鹏网络科技有限公司,中专,无工作经验,1.5,0.8,西安,Java开发工程师,民营
java讲师,青岛二三网络科技有限公司,中专,3-4年经验,1.5,0.9,西安,java讲师,民营
Java开发工程师,上海京颐科技股份有限公司,本科,3-4年经验,1.2,0.8,西安,Java开发工程师,"合资        ??|??500-1000人            ??|??互联网/电子商务,医疗/护理/卫生    "
JAVA开发工程师（西安/总部）,隆基绿能科技股份有限公司,本科,2年经验,8千/月,6,西安,JAVA开发工程师（西安/总部）,民营
JAVA开发工程师,西安格蒂电力有限公司,本科,3-4年经验,1,0.6,西安,JAVA开发工程师,民营
JAVA项目经理（技术开发及项目管理）,陕西西部数通电信资讯有限公司,本科,5-7年经验,1.5,0.8,西安,JAVA项目经理（技术开发及项目管理）,"合资        ??|??150-500人            ??|??通信/电信/网络设备,通信/电信运营、增值服务    "
高级JAVA后台开发工程师,陕西巨子生物技术有限公司,中专,5-7年经验,1.5,0.6,西安,高级JAVA后台开发工程师,民营
JAVA软件开发工程师,西安捷众软件科技有限公司,大专,3-4年经验,8千/月,3,西安,JAVA软件开发工程师,民营
Java开发工程师,陕西赛富网络科技有限责任公司,大专,3-4年经验,2,1.5,西安-高新技术产业开发区,Java开发工程师,民营
JAVA工程师,陕西天诚软件股份有限公司,本科,2年经验,8千/月,6,西安,JAVA工程师,民营
软件开发工程师（Java&.net）,西安后羿半导体科技有限公司,本科,3-4年经验,6千/月,4.5,西安-未央区,软件开发工程师（Java&.net）,民营
中级JAVA开发工程师,西安瑞蓝创软件科技有限公司,大专,无工作经验,6千/月,4.5,西安-高新技术产业开发区,中级JAVA开发工程师,民营
高级Java软件工程师,西安源深信息技术有限公司,大专,2年经验,7千/月,4.5,西安-高新技术产业开发区,高级Java软件工程师,民营
Java开发经理,西安民间金融街投资控股有限公司,中专,无工作经验,1.5,1,西安,Java开发经理,国企        ??|??150-500人            ??|??金融/投资/证券    
Java开发生人工智能方向(五险一金),西安北辰星信息技术有限公司,大专,无工作经验,6千/月,4.5,西安,Java开发生人工智能方向(五险一金),民营
软件开发工程师/实习生（Java）,北京功桥科技有限公司,大专,无工作经验,6千/月,4.5,西安,软件开发工程师/实习生（Java）,民营
Java开发工程师,深圳兆日科技股份有限公司,本科,2年经验,1.5,1,西安-高新技术产业开发区,Java开发工程师,上市
Java开发工程师,陕西楼兰电子信息技术有限公司,本科,1年经验,1,0.6,西安,Java开发工程师,民营
JAVA开发工程师 (职位编号：TOMTOP000771),深圳市通拓科技有限公司,大专,5-7年经验,1.5,1,西安,JAVA开发工程师 (职位编号：TOMTOP000771),民营
Java开发工程师,西安通平网络科技有限公司,本科,无工作经验,1.5,1,西安,Java开发工程师,民营
Java开发工程师,西安优智乐网络科技有限公司,本科,3-4年经验,1.5,0.8,西安-高新技术产业开发区,Java开发工程师,民营
核心业务部门_Java工程师,北京思特奇信息技术股份有限公司陕西分公司,本科,无工作经验,1,0.5,西安,核心业务部门_Java工程师,上市
Java开发实习生,西安北科维拓科技有限公司,大专,无工作经验,3千/月,2,西安,Java开发实习生,"国企        ??|??50-150人            ??|??计算机软件,计算机服务(系统、数据服务、维修)    "
高级JAVA开发工程师 (职位编号：04),黑龙江立高科技股份有限公司西安研发分公司,本科,无工作经验,1.4,0.9,西安,高级JAVA开发工程师 (职位编号：04),上市
Java中级软件工程师,苏州海加网络科技股份有限公司,本科,3-4年经验,1.2,0.6,西安-高新技术产业开发区,Java中级软件工程师,上市
Java开发工程师,深圳市金证科技股份有限公司,本科,3-4年经验,1.4,0.8,西安-雁塔区,Java开发工程师,上市
Java高级开发工程师,西安神驰网络科技股份有限公司,中专,5-7年经验,1,0.8,西安,Java高级开发工程师,民营
Sr. Java Engineer (Hybris),奥博杰天软件(北京)有限公司,中专,无工作经验,1,0.8,西安,Sr. Java Engineer (Hybris),外资（欧美）        ??|??500-1000人            ??|??计算机软件    
Java中级软件工程师,陕西导航科技有限公司,大专,3-4年经验,8千/月,6,西安,Java中级软件工程师,民营
java程序员/软件开发工程师（工作地点：西安）,西安必特思维软件有限公司,本科,1年经验,8千/月,6,西安,java程序员/软件开发工程师（工作地点：西安）,民营
JAVA高级工程师,西安华讯科技有限责任公司,中专,无工作经验,1.5,1,西安-高新技术产业开发区,JAVA高级工程师,"合资        ??|??150-500人            ??|??计算机软件,计算机服务(系统、数据服务、维修)    "
JAVA高级工程师,西安绿点信息科技有限公司,中专,5-7年经验,1.5,1,西安,JAVA高级工程师,民营
Java软件工程师,陕西光环网络科技有限公司,本科,1年经验,1.5,0.7,西安-雁塔区,Java软件工程师,民营
Java开发工程师,三星数据系统（西安）有限公司,本科,3-4年经验,1,0.7,西安,Java开发工程师,"外资（非欧美）        ??|??500-1000人            ??|??计算机软件,计算机服务(系统、数据服务、维修)    "
Java软件工程师-应届生,河南云和数据信息技术有限公司西安分公司,大专,无工作经验,5千/月,3,西安,Java软件工程师-应届生,民营
JAVA定制开发-znzz46,北京神舟航天软件技术有限公司,硕士,2年经验,1.4,0.7,西安,JAVA定制开发-znzz46,"国企        ??|??1000-5000人            ??|??计算机软件,计算机硬件    "
JAVA高级工程师,西安未来国际信息股份有限公司,大专,3-4年经验,1.4,0.7,西安,JAVA高级工程师,上市
Java开发工程师,陕西艾微思云网络科技有限公司,大专,3-4年经验,6千/月,5,西安,Java开发工程师,创业
Java高级程序员,北京中航讯科技股份有限公司,本科,3-4年经验,1.2,0.8,西安-高新技术产业开发区,Java高级程序员,民营
JAVA高级软件工程师,北京国网中电软件股份有限公司,大专,3-4年经验,10,8,西安-高新技术产业开发区,JAVA高级软件工程师,民营
java软件开发工程师（三汇数字）,杭州三汇数字信息技术有限公司,本科,3-4年经验,1,0.8,西安,java软件开发工程师（三汇数字）,民营
2018届校园招聘-Java开发助理工程师（咸阳）,启迪桑德环境资源股份有限公司,大专,无工作经验,6千/月,4.5,咸阳,2018届校园招聘-Java开发助理工程师（咸阳）,国企        
Java开发工程师（西安）,北京青年众人网络安全技术有限公司,中专,1年经验,8千/月,6,西安-高新技术产业开发区,Java开发工程师（西安）,民营
Java开发工程师,上海趣医网络技术服务有限公司,本科,3-4年经验,1.2,0.8,西安,Java开发工程师,"合资        ??|??500-1000人            ??|??互联网/电子商务,计算机软件    "
Java中级开发工程师,北京空间畅想信息技术有限责任公司,本科,3-4年经验,1,0.8,西安-高新技术产业开发区,Java中级开发工程师,民营
对日java,鹏讯科技（大连）有限公司,中专,无工作经验,1.2,0.9,西安,对日java,"外资（非欧美）        ??|??50-150人            ??|??计算机软件,外包服务    "
Java高级开发工程师,西安华炎信息科技有限公司,中专,5-7年经验,1.5,1,西安-雁塔区,Java高级开发工程师,民营
JAVA软件工程师,福建南威软件有限公司,本科,无工作经验,1.2,0.6,西安,JAVA软件工程师,民营
JAVA高级开发工程师,西安博达软件股份有限公司,本科,3-4年经验,1.3,1,西安,JAVA高级开发工程师,上市
Java软件开发工程师,西安长城数字软件有限公司,大专,3-4年经验,6千/月,4.5,西安,Java软件开发工程师,民营
Java中级开发工程师,广州金越软件技术有限公司,大专,2年经验,1,0.8,西安,Java中级开发工程师,民营
Java开发工程师,陕西凯仕企业管理咨询有限公司,中专,无工作经验,2,1.5,西安,Java开发工程师,民营
Java实习生4K+双休,陕西昱晟星网络科技有限公司,大专,无工作经验,6.5千/月,3.5,咸阳,Java实习生4K+双休,民营
Java软件研发工程师 (职位编号：02),西安航天自动化股份有限公司,硕士,无工作经验,7千/月,5,西安,Java软件研发工程师 (职位编号：02),"国企        ??|??150-500人            ??|??仪器仪表/工业自动化,电子技术/半导体/集成电路    "
Java开发工程师,北京关键科技股份有限公司,本科,3-4年经验,1.2,0.8,西安,Java开发工程师,上市
Java（中、高级工程师）,西安融联网络科技有限公司,本科,无工作经验,8千/月,6,西安,Java（中、高级工程师）,民营
Java高级开发工程师,三盟科技股份有限公司,本科,无工作经验,2.2,1.2,西安,Java高级开发工程师,上市
JAVA软件工程师（西安）,广州数鹏通科技有限公司,本科,3-4年经验,1,0.6,西安-新城区,JAVA软件工程师（西安）,民营
Java工程师（急聘） (职位编号：002),陕西永诺信息科技有限公司,本科,3-4年经验,1,0.8,西安-高新技术产业开发区,Java工程师（急聘） (职位编号：002),民营
Java开发工程师,陕西万德信息科技股份有限公司,本科,3-4年经验,1,0.6,西安,Java开发工程师,民营
软件工程师java,陕西乔兴节能科技有限公司,大专,无工作经验,8千/月,6,西安-高新技术产业开发区,软件工程师java,民营
Java开发工程师,西安巴斯光年软件科技有限公司,中专,3-4年经验,1,0.7,西安,Java开发工程师,民营
JAVA开发工程师,上海平欣电子科技有限公司,本科,无工作经验,1,0.4,济南-高新区,JAVA开发工程师,民营
java中级软件工程师,北京军地联合网络技术中心,中专,无工作经验,8千/月,6,西安,java中级软件工程师,民营
Java开发工程师,西安荣峰软件科技有限公司,中专,无工作经验,1,0.6,西安-高新技术产业开发区,Java开发工程师,民营
Java中级开发工程师,深圳市亿玛信诺科技有限公司,大专,2年经验,1.2,0.5,西安,Java中级开发工程师,民营
JAVA软件工程师,西安计免网络科技有限公司,本科,2年经验,8千/月,4.5,西安-未央区,JAVA软件工程师,民营
Java开发工程师,西安瀚炬网络科技有限公司,中专,无工作经验,8千/月,6,西安-高新技术产业开发区,Java开发工程师,民营
西安-JAVA软件工程师,珠海世纪鼎利科技股份有限公司,中专,无工作经验,1.5,1,西安-高新技术产业开发区,西安-JAVA软件工程师,上市
Java开发工程师 (职位编号：001),西安鹈鹕计算科技有限公司,大专,3-4年经验,1,0.8,西安,Java开发工程师 (职位编号：001),民营
Java-web前端开发工程师,陕西和生科技有限公司,中专,3-4年经验,8千/月,6,西安-高新技术产业开发区,Java-web前端开发工程师,民营
Java中级开发工程师（西安）,北京市太极华青信息系统有限公司,本科,3-4年经验,1.5,1,西安,Java中级开发工程师（西安）,民营
Java云存储开发,北京优炫软件股份有限公司,本科,2年经验,1,0.8,西安,Java云存储开发,上市
中级JAVA工程师+带薪年假+五险一金 (职位编号：3),陕西北佳信息技术有限责任公司,本科,3-4年经验,9千/月,6,西安,中级JAVA工程师+带薪年假+五险一金 (职位编号：3),民营
Java开发工程师,中电长城网际系统应用有限公司,本科,无工作经验,1,0.8,西安-未央区,Java开发工程师,"国企        ??|??150-500人            ??|??计算机软件,计算机服务(系统、数据服务、维修)    "
Java backend developer,西安思科特软件有限公司,本科,3-4年经验,1,0.8,西安,Java backend developer,合资        ??|??少于50人            ??|??计算机软件    
Java开发工程师,北京启明星辰信息安全技术有限公司,中专,无工作经验,1.2,0.8,西安,Java开发工程师,上市
java中级开发工程师（西安-大客户事业部）,杭州数云信息技术有限公司,本科,3-4年经验,1,0.5,西安,java中级开发工程师（西安-大客户事业部）,民营
Java开发工程师,西安诺曼电子科技有限公司,中专,无工作经验,8千/月,4,西安,Java开发工程师,民营
Java高级开发工程师（西安）,海南易建科技股份有限公司,本科,5-7年经验,1.5,1,西安,Java高级开发工程师（西安）,上市
高级java工程师,西安北盈网络科技有限公司,大专,3-4年经验,9千/月,5,西安-未央区,高级java工程师,民营
Java软件开发工程师,陕西国驿软件科技有限公司,大专,3-4年经验,2,0.6,西安-曲江文化新区,Java软件开发工程师,民营
（西安）Java开发工程师,销售易,本科,3-4年经验,1.5,1,西安,（西安）Java开发工程师,"外资（非欧美）        ??|??150-500人            ??|??互联网/电子商务,计算机软件    "
高级JAVA工程师,西安掌图信息技术有限公司,中专,5-7年经验,1.5,0.9,西安,高级JAVA工程师,民营
Java后台开发工程师,南京烽火星空通信发展有限公司,本科,无工作经验,2,1.5,西安-高新技术产业开发区,Java后台开发工程师,"国企        ??|??1000-5000人            ??|??计算机软件,通信/电信运营、增值服务    "
JAVA开发工程师,亿阳信通股份有限公司,本科,2年经验,,,西安,JAVA开发工程师,民营
Java开发工程师(出差昆明),西安九索数据技术股份有限公司,本科,1年经验,8千/月,6,西安,Java开发工程师(出差昆明),民营
Java高级开发工程师,巴布科技有限公司,本科,3-4年经验,1,0.8,西安-灞桥区,Java高级开发工程师,民营
Java 初级开发工程师 (职位编号：403),陕西中认本信信息科技有限公司,大专,2年经验,4.5千/月,3,西安-雁塔区,Java 初级开发工程师 (职位编号：403),民营
Java高级开发工程师,宁波易简电子科技有限公司,本科,无工作经验,1,0.8,西安,Java高级开发工程师,民营
JAVA开发工程师（LTSY）,北京东方国信科技股份有限公司,本科,3-4年经验,8千/月,5,西安,JAVA开发工程师（LTSY）,上市
Java后端开发工程师,西安有道软件技术有限公司,本科,3-4年经验,1.2,0.6,西安-碑林区,Java后端开发工程师,民营
java web高级软件工程师,海南海建鑫网智能科技有限公司,本科,3-4年经验,1.5,0.8,西安,java web高级软件工程师,民营
Java高级工程师,陕西金圣元信息科技有限公司,本科,5-7年经验,1.3,0.7,西安-雁塔区,Java高级工程师,民营
JAVA软件开发工程师（中高级）,万禾集团,本科,3-4年经验,1.5,1,西安-高新技术产业开发区,JAVA软件开发工程师（中高级）,民营
java讲师周末,陕西云谷教育科技有限公司,本科,无工作经验,1.5,1,西安-莲湖区,java讲师周末,民营
Java开发工程师,西安佳帮手日用品有限公司,大专,3-4年经验,7千/月,4,西安-灞桥区,Java开发工程师,民营
Java工程师,盛科科技股份有限公司,中专,5-7年经验,8千/月,6,西安-高新技术产业开发区,Java工程师,民营
Java开发工程师,陕西远洋科技实业有限责任公司,中专,2年经验,8千/月,6,西安,Java开发工程师,民营
Java高级开发工程师,北美智慧物联（深圳）有限公司,本科,5-7年经验,1.2,0.6,西安-未央区,Java高级开发工程师,民营
JAVA研发工程师（GIS方向）,上海指旺信息科技有限公司西安分公司,大专,2年经验,1.8,1,西安-高新技术产业开发区,JAVA研发工程师（GIS方向）,合资        ??|??50-150人            ??|??计算机软件    
高级JAVA开发工程师（移动方向）,特力惠信息科技股份有限公司,中专,无工作经验,1.5,0.8,西安,高级JAVA开发工程师（移动方向）,民营
急聘 JAVA开发工程师,西安易营信息科技有限公司,本科,2年经验,1,0.8,西安,急聘 JAVA开发工程师,民营
研发工程师（JAVA西安）,核工业计算机应用研究所,大专,1年经验,1,0.5,西安,研发工程师（JAVA西安）,事业单位        ??|??150-500人            ??|??学术/科研    
高级JAVA工程师 (职位编号：2017010),陕西派诚科技有限公司,中专,无工作经验,1.4,0.7,西安-高新技术产业开发区,高级JAVA工程师 (职位编号：2017010),民营
资深Java架构师,资弘（上海）网络科技有限公司,本科,3-4年经验,1.2,1,西安-雁塔区,资深Java架构师,创业
Java web架构师,陕西缔科网络科技有限公司,本科,5-7年经验,2,1.5,西安-高新技术产业开发区,Java web架构师,民营
JAVA软件工程师,西安亨顿软件技术有限公司,大专,1年经验,5千/月,3,西安,JAVA软件工程师,民营
Java研发工程师,北京东方润泽生态科技股份有限公司,本科,3-4年经验,9千/月,7,西安-高新技术产业开发区,Java研发工程师,上市
Java开发工程师,陕西强森社区医疗股份有限公司,大专,2年经验,6千/月,3,西安-高新技术产业开发区,Java开发工程师,民营
Java高级开发工程师,西安思菲特信息科技有限公司,中专,5-7年经验,1,0.8,西安-高新技术产业开发区,Java高级开发工程师,民营
高级java工程师,北京明朝万达科技股份有限公司,本科,无工作经验,1.8,1.2,西安-高新技术产业开发区,高级java工程师,民营
高级软件工程师(JAVA/C#/VB.NET/C),富士通（西安）系统工程有限公司,中专,3-4年经验,1,0.8,西安,高级软件工程师(JAVA/C#/VB.NET/C),外资（非欧美）        ??|??150-500人            ??|??计算机服务(系统、数据服务、维修)    
Java开发工程师,西安招财投资服务有限公司,大专,2年经验,6千/月,4.5,西安,Java开发工程师,民营
Java 工程师,陕西恒通智能机器有限公司,中专,无工作经验,1.5,0.8,西安-高新技术产业开发区,Java 工程师,国企        ??|??50-150人            ??|??机械/设备/重工    
Java高级开发工程师,方欣科技有限公司,大专,3-4年经验,2,1.5,西安-高新技术产业开发区,Java高级开发工程师,上市
Java服务器开发工程师,陕西西创环境科技有限公司,大专,无工作经验,4.5千/月,3,西安,Java服务器开发工程师,民营
JAVA软件开发工程师,慧都创新（北京）科技有限公司,中专,无工作经验,8千/月,6,西安-高新技术产业开发区,JAVA软件开发工程师,民营
Sr. Java Development Engineer/高级Java开发工程师,西安活跃网络有限公司,中专,5-7年经验,2,1.5,西安-高新技术产业开发区,Sr. Java Development Engineer/高级Java开发工程师,外资（欧美）        ??|??500-1000人            ??|??计算机软件    
Java 项目经理,西安惠尔企业管理咨询有限公司,本科,5-7年经验,1.6,1,西安,Java 项目经理,民营
Java开发工程师,北京百联力创信息技术有限公司,中专,无工作经验,1,0.5,西安-高新技术产业开发区,Java开发工程师,民营
Java/Java开发-浙商研发中心,大连信雅达软件有限公司,中专,无工作经验,1.5,0.8,西安-高新技术产业开发区,Java/Java开发-浙商研发中心,民营
Java开发工程师,西安优智泊物联网技术服务有限公司,本科,3-4年经验,1,0.6,西安-雁塔区,Java开发工程师,民营
Java开发实习生（西安）(J10325) (职位编号：ZY),绿盟科技,本科,无工作经验,,100元/天,西安,Java开发实习生（西安）(J10325) (职位编号：ZY),"合资        ??|??1000-5000人            ??|??计算机软件,计算机服务(系统、数据服务、维修)    "
Java软件开发工程师,浙江宇视科技有限公司,本科,1年经验,1,0.8,西安,Java软件开发工程师,"合资        ??|??1000-5000人            ??|??计算机软件,计算机硬件    "
JAVA工程师（五险一金+双休+项目奖金） (职位编号：RD),西安瑞德软件科技有限公司,本科,2年经验,6千/月,4.5,西安-雁塔区,JAVA工程师（五险一金+双休+项目奖金） (职位编号：RD),民营
高级JAVA软件开发工程师,陕西维尔尼斯健康科技有限公司,中专,5-7年经验,1,0.6,西安,高级JAVA软件开发工程师,"合资        ??|??50-150人            ??|??互联网/电子商务,医疗/护理/卫生    "
java 网络工程师,西安济通电气有限公司,本科,3-4年经验,8千/月,6,西安-高新技术产业开发区,java 网络工程师,民营
Java软件工程师,西安远眺网络科技有限公司,本科,2年经验,1,0.5,西安-高新技术产业开发区,Java软件工程师,民营
JAVA高级研发工程师,西安郑铁施封锁有限责任公司,大专,3-4年经验,9千/月,5,西安-莲湖区,JAVA高级研发工程师,民营
JAVA开发工程师-西安 (职位编号：1),浙江中控技术股份有限公司,本科,5-7年经验,2,1,西安,JAVA开发工程师-西安 (职位编号：1),民营
Java web程序员,西安博兴自动化科技有限公司,中专,无工作经验,1,0.8,西安,Java web程序员,民营
Java中级开发工程师,西安景兆信息科技有限公司,大专,无工作经验,1.1,0.8,西安-高新技术产业开发区,Java中级开发工程师,民营
（西安）Java/C#/VB.NET/PLSQL软件开发工程师,艾宾信息技术开发（上海）有限公司,本科,5-7年经验,1.5,1,西安-高新技术产业开发区,（西安）Java/C#/VB.NET/PLSQL软件开发工程师,"外资（非欧美）        ??|??150-500人            ??|??计算机软件,计算机服务(系统、数据服务、维修)    "
Java开发工程师,西安东泰软件信息科技有限公司,本科,2年经验,6千/月,3,西安,Java开发工程师,民营
Java中级开发工程师,西安凯道尔网络科技有限公司,本科,2年经验,8千/月,6,西安-雁塔区,Java中级开发工程师,民营
java工程师,陕西泰合信息科技有限公司,大专,5-7年经验,2,1.5,西安-雁塔区,java工程师,民营
Java开发工程师,北京开运联合信息技术股份有限公司西北分公司,大专,无工作经验,1.2,0.6,西安,Java开发工程师,民营
Java教师,西安软件服务外包学院,硕士,无工作经验,8千/月,6,西安,Java教师,非营利机构        ??|??50-150人            ??|??教育/培训/院校    
Java开发工程师,上海至精供应链管理股份有限公司,本科,无工作经验,1.8,1,西安-雁塔区,Java开发工程师,上市
Java开发工程师,北京华九德企业管理有限公司,中专,无工作经验,1.5,1,西安,Java开发工程师,民营
Java高级开发工程师,西安天天向上网络智能科技有限公司,本科,8-9年经验,1.8,1,西安-高新技术产业开发区,Java高级开发工程师,创业
Java软件开发工程师,陕西隆翔停车设备集团有限公司,本科,3-4年经验,1,0.8,西安,Java软件开发工程师,民营
Java开发工程师 (职位编号：005),西安科融电子有限公司,本科,1年经验,6千/月,4.5,西安-高新技术产业开发区,Java开发工程师 (职位编号：005),民营
java软件工程师,西安银鑫科技服务有限公司,大专,无工作经验,8千/月,4,西安-莲湖区,java软件工程师,民营
Java开发工程师,联易软件有限公司,本科,3-4年经验,8千/月,6,西安,Java开发工程师,民营
Java高级开发工程师,西安易流物联科技有限公司,本科,5-7年经验,1.5,1,西安-高新技术产业开发区,Java高级开发工程师,民营
Java开发工程师,西安习悦信息技术有限公司,中专,3-4年经验,1.2,0.9,西安-雁塔区,Java开发工程师,民营
Java开发实习生,西安亿阳信通软件科技发展有限公司,本科,无工作经验,4千/月,3,西安-雁塔区,Java开发实习生,民营
Java研发工程师,北京赞同科技发展有限公司,中专,无工作经验,1.4,0.8,西安-高新技术产业开发区,Java研发工程师,民营
Java中级开发工程师,西安国欧网络科技有限公司,本科,3-4年经验,1,0.8,西安,Java中级开发工程师,外资（欧美）        ??|??少于50人            ??|??互联网/电子商务    
Java开发工程师,南京中益达信息科技有限公司,本科,无工作经验,1,0.7,西安,Java开发工程师,创业
JAVA软件工程师,北京有生博大软件技术有限公司西安分公司,本科,3-4年经验,8千/月,5,西安-高新技术产业开发区,JAVA软件工程师,民营
Java软件工程师,东华软件股份公司大连分公司,本科,无工作经验,1,0.4,西安,Java软件工程师,上市
Java/Web/UI储备工程师,西安中科科技技术有限公司,大专,无工作经验,6千/月,4.5,西安,Java/Web/UI储备工程师,上市
Java开发工程师,西安卓研云信息技术有限公司,大专,无工作经验,4.5千/月,3,西安,Java开发工程师,上市
讲师（JAVA方向）,陕西雅盛科教投资有限公司,本科,3-4年经验,1,0.8,西安-雁塔区,讲师（JAVA方向）,民营
中级Java开发工程师（工作地点在西安）,江河瑞通科技集团有限公司,本科,1年经验,7千/月,5,西安,中级Java开发工程师（工作地点在西安）,民营
Java高级开发工程师,西安亿创信息技术有限公司,本科,5-7年经验,1.1,0.8,西安,Java高级开发工程师,民营
Java开发工程师,西安美信博天电子科技有限公司,中专,无工作经验,7千/月,5,西安-高新技术产业开发区,Java开发工程师,民营
JAVA系统架构师,西安翔迅科技有限责任公司,大专,3-4年经验,1.5,1,西安-碑林区,JAVA系统架构师,"国企        ??|??150-500人            ??|??航天/航空,多元化业务集团"
Java高级培训讲师,沈阳东软睿道教育服务有限公司,本科,5-7年经验,1.5,1,西安-经济技术开发区,Java高级培训讲师,创业
Java讲师,南京优迈乐软件科技有限公司,本科,3-4年经验,1.5,1,西安-高新技术产业开发区,Java讲师,民营
高级Java软件开发工程师,西安神航星云科技有限公司,本科,5-7年经验,1.2,0.6,西安-高新技术产业开发区,高级Java软件开发工程师,民营
java程序员,西安飞虎数码科技有限公司,中专,无工作经验,6千/月,4.5,西安,java程序员,民营
Java高级软件工程师,陕西融合软件有限公司,本科,3-4年经验,8千/月,5.5,西安,Java高级软件工程师,创业
Java/Web/UI储备工程师,西安聚力科技技术有限公司,大专,无工作经验,4.5千/月,3,西安,Java/Web/UI储备工程师,上市
java开发工程师,陕西浦思金融网络科技有限公司,本科,2年经验,8千/月,6,西安,java开发工程师,民营
JAVA开发工程师 绩效+双休+社保,陕西诚泰科技讯息有限责任公司,中专,3-4年经验,8千/月,6,西安,JAVA开发工程师 绩效+双休+社保,民营
JAVA软件工程师,喜茨软件科技（上海）有限公司西安分公司,中专,无工作经验,6千/月,4.5,西安-高新技术产业开发区,JAVA软件工程师,外资（非欧美）        ??|??少于50人            ??|??计算机软件    
JAVA前端高级工程师,上海誉兴贸易有限公司,大专,3-4年经验,1,0.8,西安-高新技术产业开发区,JAVA前端高级工程师,合资        ??|??500-1000人            ??|??美容/保健    
Java开发工程师,山东新北洋信息技术股份有限公司,本科,无工作经验,,,西安,Java开发工程师,民营
Java软件开发,尚众科技有限公司,本科,无工作经验,1.5,1,西安-高新技术产业开发区,Java软件开发,民营
Java开发工程师,西安博文同创信息技术有限公司,本科,2年经验,6千/月,4.5,西安-雁塔区,Java开发工程师,民营
Java初级开发工程师,西安南天电脑系统有限公司,本科,1年经验,6千/月,3,北京-海淀区,Java初级开发工程师,上市
Java初级开发工程师,陕西天汇电力建设工程有限公司,本科,无工作经验,4千/月,2,西安-经济技术开发区,Java初级开发工程师,民营
JAVA开发工程师,西安万赛特通信信息有限公司,中专,3-4年经验,8千/月,4,西安,JAVA开发工程师,民营
IT工程师技术员Java，PHP，.NET,湖北一片语科技有限公司,本科,无工作经验,4,1.2,国外,IT工程师技术员Java，PHP，.NET,民营
Java软件开发工程师,西安超越软件有限公司,中专,3-4年经验,1,0.8,西安,Java软件开发工程师,民营
java开发工程师,西安中星测控有限公司,本科,1年经验,1,0.5,西安,java开发工程师,民营
Java讲师,知行云创教育科技（北京）有限公司西安分公司,本科,3-4年经验,1.5,1,西安,Java讲师,民营
Java实习储备岗4500+双休,西安智高诚软件科技有限公司,大专,无工作经验,6千/月,4.5,西安,Java实习储备岗4500+双休,民营
急聘上市公司Java资深开发工程师,广州登客网互联网科技有限公司,中专,3-4年经验,2,1.5,广州-白云区,急聘上市公司Java资深开发工程师,民营
Java 高级开发工程师,西安百想电子科技有限公司,本科,无工作经验,2,0.8,西安-高新技术产业开发区,Java 高级开发工程师,民营
JAVA高级开发工程师（西安）,东方通信股份有限公司,大专,1年经验,8千/月,6,西安-高新技术产业开发区,JAVA高级开发工程师（西安）,"国企        ??|??1000-5000人            ??|??通信/电信/网络设备,机械/设备/重工    "
Java高级开发工程师,江苏振邦智慧城市信息系统有限公司,中专,无工作经验,1.5,1,西安,Java高级开发工程师,民营
JAVA软件工程师,西安凯虹电子科技有限公司,本科,3-4年经验,1,0.8,西安,JAVA软件工程师,民营
JAVA软件工程师,电讯盈科 西安,本科,3-4年经验,1.2,0.9,西安,JAVA软件工程师,外资（欧美）        ??|??少于50人            ??|??计算机软件    
java高级工程师,陕西中矿科技有限公司,本科,3-4年经验,1.5,0.8,西安-雁塔区,java高级工程师,民营
JAVA系统架构师,西安启软电子信息系统有限公司,中专,无工作经验,1.5,0.8,西安-莲湖区,JAVA系统架构师,民营
Java讲师,西安源代码软件技术服务有限公司,本科,2年经验,1,0.8,西安,Java讲师,民营
Java高级开发工程师,陕西深度网络有限公司,大专,5-7年经验,1.2,0.8,西安,Java高级开发工程师,民营
Java中级开发工程师,上海易宝软件有限公司深圳分公司,本科,3-4年经验,1,0.8,西安-高新技术产业开发区,Java中级开发工程师,外资（非欧美）        ??|??1000-5000人            ??|??计算机软件    
Java开发工程师,陕西淘丁实业集团有限公司,中专,无工作经验,1,0.8,西安-莲湖区,Java开发工程师,民营
JAVA开发工程师,杭州盈丰软件股份有限公司,本科,无工作经验,8千/月,4,西安-高新技术产业开发区,JAVA开发工程师,民营
Java开发人员,陕西怡美蓝图信息技术有限公司,本科,无工作经验,6千/月,4.5,西安,Java开发人员,民营
Java开发工程师,同方鼎欣科技股份有限公司,本科,2年经验,1,0.8,西安,Java开发工程师,上市
Java软件工程师(中高级）,西安丝路软件有限责任公司,中专,无工作经验,1,0.8,西安-高新技术产业开发区,Java软件工程师(中高级）,"外资（非欧美）        ??|??150-500人            ??|??计算机软件,计算机服务(系统、数据服务、维修)    "
java开发工程师(可出差）,西安秦驰信息技术咨询服务有限公司,大专,2年经验,9千/月,5.5,西安-雁塔区,java开发工程师(可出差）,民营
高级Java软件工程师,西安魔盾电气工程自动化研究所有限公司,中专,无工作经验,1.5,1,西安,高级Java软件工程师,民营
高级java开发工程师,西安科技大市场创新云服务股份有限公司,大专,3-4年经验,1.5,1,西安-高新技术产业开发区,高级java开发工程师,"国企        ??|??150-500人            ??|??互联网/电子商务,计算机软件    "
